任务id,子任务ID,（LV),任务所在场景,接NPC(ID),接场景ID,交NPC(ID),交场景ID,iconclass,任务名称,任务描述,任务条件描述,完成条件,新增上缴材料,累计完成条件,图标显示用type,奖励用户属性,奖励道具,奖励装饰物
,,,,,,,,,,,,,,,,,,
2001,3001,1,矮人森林,1,1000001,1,1000001,iconclass.1.lele,传授魔法,点击学生传授魔法,传授学生<!1@>/5次魔法,1/type:3;id:0;num:5;,0,0,0,exp:20;,"[[21,1]]",[]
2002,3002,1,矮人森林,1,1000001,1,1000001,iconclass.1.lele,解救学生,解救被魔法吞噬的学生,解救学生<!1@>/3次,1/type:4;id:0;num:3;,,,,exp:20;,"[[21,1]]",[]
2003,3003,2,矮人森林,1,1000001,1,1000001,iconclass.1.lele,使用变化咒,变化自己或者好友,使用1次变化咒<!1@>/1,1/type:11;id:0;num:1;,,,,exp:20;,"[[21,1]]",[]
2004,3004,2,矮人森林,1,1000001,1,1000001,iconclass.1.lele,使用变化咒,变化自己或者好友,使用2次变化咒<!1@>/2,1/type:11;id:0;num:2;,,,,exp:30;,"[[21,1]]",[]
2005,3005,3,矮人森林,1,1000001,1,1000001,iconclass.1.lele,收集材料,提示：你可以通过变化咒来获得材料,<!1@>/5个黄水晶,,1/type:2;id:8311;num:5;,,1/cat:1;id:8311;num:5;,exp:20;,"[[21,1]]",[]
2006,3006,3,矮人森林,1,1000001,1,1000001,iconclass.1.lele,合成术,使用合成术合成一个木制门,木制门<!1@>/1,1/type:1;id:192001;num:1;,,,,exp:20;,"[[21,1]]",[]
2007,3007,3,矮人森林,1,1000001,1,1000001,iconclass.1.lele,合成术,使用合成术合成一个木制灯,木制灯<!1@>/1,1/type:1;id:195001;num:1;,,,,exp:20;,"[[21,1]]",[]
2008,3008,4,矮人森林,1,1000001,1,1000001,iconclass.1.lele,邀请好友,增加自己的好友数量,好友数达到<!1@>/1,,,1/invite_friends_num:>=1;,,exp:20;,"[[21,1]]",[]
2009,3009,4,矮人森林,1,1000001,1,1000001,iconclass.1.lele,解救学生,解救被魔法吞噬的学生,解救学生<!1@>/4次,1/type:4;id:0;num:4;,,,,exp:20;,"[[21,1]]",[]
2010,3010,5,矮人森林,1,1000001,1,1000001,iconclass.1.lele,魔法修行,学习包括魔法课程和变化咒在内的任何魔法。提示：打开魔法书的按钮可以找到并且学会这些魔法。,学会魔法<!1@>/2种以上的魔法,,,1/study_magic_num:>=2;,,exp:20;,"[[21,1]]",[]
2011,3011,6,矮人森林,1,1000001,1,1000001,iconclass.1.lele,成长之路,提升自己的人物等级,人物等级达到<!1@>/7级,,,1/level:>=7;,,exp:15;,"[[21,1]]",[]
2012,3012,6,矮人森林,1,1000001,1,1000001,iconclass.1.lele,解救学生,解救被魔法吞噬的学生,解救学生<!1@>/5次,1/type:4;id:0;num:5;,,,,exp:20;,"[[21,1]]",[]
2013,3013,7,矮人森林,1,1000001,1,1000001,iconclass.1.lele,收钱,在魔法世界中没有钱也是不行的,收钱<!1@>/100G,1/type:9;id:0;num:100;,,,,exp:20;,"[[21,1]]",[]
2014,3014,8,矮人森林,1,1000001,1,1000001,iconclass.1.lele,魔法修行,学习包括魔法课程和变化咒在内的任何魔法。提示：打开魔法书的按钮可以找到并且学会这些魔法。,学会魔法<!1@>/3种以上的魔法,,,1/study_magic_num:>=3;,,exp:30;,"[[21,1]]",[]
2015,3015,8,矮人森林,1,1000001,1,1000001,iconclass.1.lele,收集材料,提示：你可以通过变化咒来获得材料,<!1@>/10个黄水晶,,1/type:2;id:8311;num:10;,,1/cat:1;id:8311;num:10;,exp:30;,"[[21,1]]",[]
2016,3016,9,矮人森林,1,1000001,1,1000001,iconclass.1.lele,成长之路,提升自己的人物等级,人物等级达到<!1@>/10级,,,1/level:>=10;,,exp:15;,"[[21,1]]",[]
2017,3017,11,矮人森林,1,1000001,1,1000001,iconclass.1.lele,传授魔法,点击学生传授魔法,传授学生<!1@>/6次魔法,1/type:3;id:0;num:6;,0,0,0,exp:20;,"[[21,1]]",[]
2018,3018,11,矮人森林,1,1000001,1,1000001,iconclass.1.lele,解救学生,解救被魔法吞噬的学生,解救学生<!1@>/5次,1/type:4;id:0;num:5;,,,,exp:30;,"[[21,1]]",[]
2019,3019,11,矮人森林,1,1000001,1,1000001,iconclass.1.lele,使用变化咒,变化自己或者好友,使用3次变化咒<!1@>/3,1/type:11;id:0;num:3;,,,,exp:80;,"[[21,1]]",[]
2020,3020,12,矮人森林,1,1000001,1,1000001,iconclass.1.lele,收集材料,提示：你可以通过变化咒来获得材料,<!1@>/15个黄水晶,,1/type:2;id:8311;num:15;,,1/cat:1;id:8311;num:15;,exp:30;,"[[21,1]]",[]
2021,3021,12,矮人森林,1,1000001,1,1000001,iconclass.1.lele,传授魔法,点击学生传授魔法,传授学生<!1@>/7次魔法,1/type:3;id:0;num:7;,0,0,0,exp:20;,"[[21,1]]",[]
2022,3022,13,矮人森林,1,1000001,1,1000001,iconclass.1.lele,合成术,使用合成术合成2个绿色罐子,合成2个绿色罐子<!1@>/2,1/type:1;id:195002;num:2;,,,,exp:30;,"[[21,1]]",[]
2023,3023,13,矮人森林,1,1000001,1,1000001,iconclass.1.lele,邀请好友,增加自己的好友数量,好友数达到<!1@>/2,,,1/invite_friends_num:>=2;,,exp:80;,"[[21,1]]",[]
2024,3024,13,矮人森林,1,1000001,1,1000001,iconclass.1.lele,收钱,在魔法世界中没有钱也是不行的,收钱<!1@>/200G,1/type:9;id:0;num:200;,,,,exp:30;,"[[21,1]]",[]
2025,3025,14,矮人森林,1,1000001,1,1000001,iconclass.1.lele,魔法修行,学习包括魔法课程和变化咒在内的任何魔法。提示：打开魔法书的按钮可以找到并且学会这些魔法。,学会魔法<!1@>/4种以上的魔法,,,1/study_magic_num:>=4;,,exp:80;,"[[21,1]]",[]
2026,3026,14,矮人森林,1,1000001,1,1000001,iconclass.1.lele,成长之路,提升自己的人物等级,人物等级达到<!1@>/15级,,,1/level:>=15;,,exp:30;,"[[21,1]]",[]
2027,3027,14,矮人森林,1,1000001,1,1000001,iconclass.1.lele,解救学生,解救被魔法吞噬的学生,解救学生<!1@>/5次,1/type:4;id:0;num:5;,,,,exp:80;,"[[21,1]]",[]
2028,3028,15,矮人森林,1,1000001,1,1000001,iconclass.1.lele,收钱,在魔法世界中没有钱也是不行的,收钱<!1@>/300G,1/type:9;id:0;num:300;,,,,exp:80;,"[[21,1]]",[]
2029,3029,15,矮人森林,1,1000001,1,1000001,iconclass.1.lele,魔法修行,学习包括魔法课程和变化咒在内的任何魔法。提示：打开魔法书的按钮可以找到并且学会这些魔法。,学会魔法<!1@>/5种以上的魔法,,,1/study_magic_num:>=5;,,exp:80;,"[[21,1]]",[]
2030,3030,15,矮人森林,1,1000001,1,1000001,iconclass.1.lele,收集材料,提示：你可以通过变化咒来获得材料,<!1@>/20个黄水晶,,1/type:2;id:8311;num:20;,,1/cat:1;id:8311;num:20;,exp:80;,"[[21,1]]",[]
2031,3031,15,矮人森林,1,1000001,1,1000001,iconclass.1.lele,成长之路,提升自己的人物等级,人物等级达到<!1@>/17级,,,1/level:>=17;,,exp:30;,"[[21,1]]",[]
2032,3032,16,矮人森林,1,1000001,1,1000001,iconclass.1.lele,传授魔法,点击学生传授魔法,传授学生<!1@>/8次魔法,1/type:3;id:0;num:8;,0,0,0,exp:80;,"[[21,1]]",[]
2033,3033,16,矮人森林,1,1000001,1,1000001,iconclass.1.lele,解救学生,解救被魔法吞噬的学生,解救学生<!1@>/5次,1/type:4;id:0;num:5;,,,,exp:80;,"[[21,1]]",[]
2034,3034,16,矮人森林,1,1000001,1,1000001,iconclass.1.lele,使用变化咒,变化自己或者好友,使用5次变化咒<!1@>/5,1/type:11;id:0;num:5;,,,,exp:150;,"[[21,1]]",[]
2035,3035,16,矮人森林,1,1000001,1,1000001,iconclass.1.lele,传授魔法,点击学生传授魔法,传授学生<!1@>/9次魔法,1/type:3;id:0;num:9;,0,0,0,exp:80;,"[[21,1]]",[]
2036,3036,16,矮人森林,1,1000001,1,1000001,iconclass.1.lele,解救学生,解救被魔法吞噬的学生,解救学生<!1@>/6次,1/type:4;id:0;num:6;,,,,exp:80;,"[[21,1]]",[]
2037,3037,17,矮人森林,1,1000001,1,1000001,iconclass.1.lele,使用变化咒,变化自己或者好友,使用1次变化咒<!1@>/6,1/type:11;id:0;num:6;,,,,exp:150;,"[[21,1]]",[]
2038,3038,17,矮人森林,1,1000001,1,1000001,iconclass.1.lele,使用变化咒,变化自己或者好友,使用2次变化咒<!1@>/7,1/type:11;id:0;num:7;,,,,exp:150;,"[[21,1]]",[]
2039,3039,17,矮人森林,1,1000001,1,1000001,iconclass.1.lele,收集材料,提示：你可以通过变化咒来获得材料,<!1@>/25个黄水晶,,1/type:2;id:8311;num:25;,,1/cat:1;id:8311;num:25;,exp:80;,"[[21,1]]",[]
2040,3040,17,矮人森林,1,1000001,1,1000001,iconclass.1.lele,合成术,使用合成术合成2个红色罐子,红色罐子<!1@>/2,1/type:1;id:195003;num:1;,,,,exp:80;,"[[21,1]]",[]
2041,3041,17,矮人森林,1,1000001,1,1000001,iconclass.1.lele,合成术,使用合成术合成一个小母鸡石像,小母鸡石像<!1@>/1,1/type:1;id:195034;num:1;,,,,exp:80;,"[[21,1]]",[]
2042,3042,18,矮人森林,1,1000001,1,1000001,iconclass.1.lele,邀请好友,增加自己的好友数量,好友数达到<!1@>/3,,,1/invite_friends_num:>=3;,,exp:150;,"[[21,1]]",[]
2043,3043,18,矮人森林,1,1000001,1,1000001,iconclass.1.lele,解救学生,解救被魔法吞噬的学生,解救学生<!1@>/7次,1/type:4;id:0;num:7;,,,,exp:80;,"[[21,1]]",[]
2044,3044,18,矮人森林,1,1000001,1,1000001,iconclass.1.lele,魔法修行,学习包括魔法课程和变化咒在内的任何魔法。提示：打开魔法书的按钮可以找到并且学会这些魔法。,学会魔法<!1@>/6种以上的魔法,,,1/study_magic_num:>=6;,,exp:80;,"[[21,1]]",[]
2045,3045,18,矮人森林,1,1000001,1,1000001,iconclass.1.lele,成长之路,提升自己的人物等级,人物等级达到<!1@>/19级,,,1/level:>=19;,,exp:80;,"[[21,1]]",[]
2046,3046,18,矮人森林,1,1000001,1,1000001,iconclass.1.lele,解救学生,解救被魔法吞噬的学生,解救学生<!1@>/8次,1/type:4;id:0;num:8;,,,,exp:80;,"[[21,1]]",[]
2047,3047,19,矮人森林,1,1000001,1,1000001,iconclass.1.lele,收钱,在魔法世界中没有钱也是不行的,收钱<!1@>/500G,1/type:9;id:0;num:500;,,,,exp:80;,"[[21,1]]",[]
2048,3048,19,矮人森林,1,1000001,1,1000001,iconclass.1.lele,魔法修行,学习包括魔法课程和变化咒在内的任何魔法。提示：打开魔法书的按钮可以找到并且学会这些魔法。,学会魔法<!1@>/7种以上的魔法,,,1/study_magic_num:>=7;,,exp:80;,"[[21,1]]",[]
2049,3049,19,矮人森林,1,1000001,1,1000001,iconclass.1.lele,收集材料,提示：你可以通过变化咒来获得材料,<!1@>/5个褐水晶,,1/type:2;id:8312;num:5;,,1/cat:1;id:8312;num:5;,exp:80;,"[[21,1]]",[]
2050,3050,19,矮人森林,1,1000001,1,1000001,iconclass.1.lele,成长之路,提升自己的人物等级,人物等级达到<!1@>/20级,,,1/level:>=20;,,exp:80;,"[[21,1]]",[]
2051,3051,19,矮人森林,1,1000001,1,1000001,iconclass.1.lele,传授魔法,点击学生传授魔法,传授学生<!1@>/10次魔法,1/type:3;id:0;num:10;,0,0,0,exp:80;,"[[21,1]]",[]
2052,3052,20,矮人森林,1,1000001,1,1000001,iconclass.1.lele,解救学生,解救被魔法吞噬的学生,解救学生<!1@>/9次,1/type:4;id:0;num:9;,,,,exp:150;,"[[21,1]]",[]
2053,3053,20,矮人森林,1,1000001,1,1000001,iconclass.1.lele,使用变化咒,变化自己或者好友,使用3次变化咒<!1@>/8,1/type:11;id:0;num:8;,,,,exp:150;,"[[21,1]]",[]
2054,3054,20,矮人森林,1,1000001,1,1000001,iconclass.1.lele,收集材料,提示：你可以通过变化咒来获得材料,<!1@>/10个褐水晶,,1/type:2;id:8312;num:10;,,1/cat:1;id:8312;num:10;,exp:80;,"[[21,1]]",[]
2055,3055,20,矮人森林,1,1000001,1,1000001,iconclass.1.lele,传授魔法,点击学生传授魔法,传授学生<!1@>/11次魔法,1/type:3;id:0;num:11;,0,0,0,exp:150;,"[[21,1]]",[]
2056,3056,20,矮人森林,1,1000001,1,1000001,iconclass.1.lele,合成术,使用合成术合成一个木头人石像,木头人石像<!1@>/1,1/type:1;id:195054;num:1;,,,,exp:80;,"[[21,1]]",[]
2057,3057,21,矮人森林,1,1000001,1,1000001,iconclass.1.lele,邀请好友,增加自己的好友数量,好友数达到<!1@>/4,,,1/invite_friends_num:>=4;,,exp:150;,"[[21,1]]",[]
2058,3058,21,矮人森林,1,1000001,1,1000001,iconclass.1.lele,收钱,在魔法世界中没有钱也是不行的,收钱<!1@>/500G,1/type:9;id:0;num:500;,,,,exp:80;,"[[21,1]]",[]
2059,3059,21,矮人森林,1,1000001,1,1000001,iconclass.1.lele,魔法修行,学习包括魔法课程和变化咒在内的任何魔法。提示：打开魔法书的按钮可以找到并且学会这些魔法。,学会魔法<!1@>/8种以上的魔法,,,1/study_magic_num:>=8;,,exp:150;,"[[21,1]]",[]
2060,3060,21,矮人森林,1,1000001,1,1000001,iconclass.1.lele,成长之路,提升自己的人物等级,人物等级达到<!1@>/22级,,,1/level:>=22;,,exp:80;,"[[21,1]]",[]
2061,3061,21,矮人森林,1,1000001,1,1000001,iconclass.1.lele,解救学生,解救被魔法吞噬的学生,解救学生<!1@>/10次,1/type:4;id:0;num:10;,,,,exp:150;,"[[21,1]]",[]
2062,3062,22,矮人森林,1,1000001,1,1000001,iconclass.1.lele,收钱,在魔法世界中没有钱也是不行的,收钱<!1@>/500G,1/type:9;id:0;num:500;,,,,exp:80;,"[[21,1]]",[]
2063,3063,22,矮人森林,1,1000001,1,1000001,iconclass.1.lele,传授魔法,点击学生传授魔法,传授学生<!1@>/12次魔法,1/type:3;id:0;num:12;,0,0,0,exp:150;,"[[21,1]]",[]
2064,3064,22,矮人森林,1,1000001,1,1000001,iconclass.1.lele,解救学生,解救被魔法吞噬的学生,解救学生<!1@>/11次,1/type:4;id:0;num:11;,,,,exp:150;,"[[21,1]]",[]
2065,3065,22,矮人森林,1,1000001,1,1000001,iconclass.1.lele,使用变化咒,变化自己或者好友,使用1次变化咒<!1@>/8,1/type:11;id:0;num:8;,,,,exp:150;,"[[21,1]]",[]
2066,3066,22,矮人森林,1,1000001,1,1000001,iconclass.1.lele,使用变化咒,变化自己或者好友,使用2次变化咒<!1@>/9,1/type:11;id:0;num:9;,,,,exp:150;,"[[21,1]]",[]
2067,3067,23,矮人森林,1,1000001,1,1000001,iconclass.1.lele,收集材料,提示：你可以通过变化咒来获得材料,<!1@>/15个褐水晶,,1/type:2;id:8312;num:15;,,1/cat:1;id:8312;num:15;,exp:150;,"[[21,1]]",[]
2068,3068,23,矮人森林,1,1000001,1,1000001,iconclass.1.lele,合成术,使用合成术合成一个食人花石像,食人花石像<!1@>/1,1/type:1;id:195062;num:1;,,,,exp:150;,"[[21,1]]",[]
2069,3069,23,矮人森林,1,1000001,1,1000001,iconclass.1.lele,合成术,使用合成术合成5个初级小木桌,初级小木桌<!1@>/5,1/type:1;id:191001;num:5;,,,,exp:150;,"[[21,1]]",[]
2070,3070,23,矮人森林,1,1000001,1,1000001,iconclass.1.lele,邀请好友,增加自己的好友数量,好友数达到<!1@>/5,,,1/invite_friends_num:>=5;,,exp:150;,"[[21,1]]",[]
2071,3071,23,矮人森林,1,1000001,1,1000001,iconclass.1.lele,解救学生,解救被魔法吞噬的学生,解救学生<!1@>/12次,1/type:4;id:0;num:12;,,,,exp:150;,"[[21,1]]",[]
2072,3072,24,矮人森林,1,1000001,1,1000001,iconclass.1.lele,魔法修行,学习包括魔法课程和变化咒在内的任何魔法。提示：打开魔法书的按钮可以找到并且学会这些魔法。,学会魔法<!1@>/9种以上的魔法,,,1/study_magic_num:>=9;,,exp:150;,"[[21,1]]",[]
2073,3073,24,矮人森林,1,1000001,1,1000001,iconclass.1.lele,成长之路,提升自己的人物等级,人物等级达到<!1@>/25级,,,1/level:>=25;,,exp:80;,"[[21,1]]",[]
2074,3074,24,矮人森林,1,1000001,1,1000001,iconclass.1.lele,解救学生,解救被魔法吞噬的学生,解救学生<!1@>/13次,1/type:4;id:0;num:13;,,,,exp:150;,"[[21,1]]",[]
2075,3075,24,矮人森林,1,1000001,1,1000001,iconclass.1.lele,收钱,在魔法世界中没有钱也是不行的,收钱<!1@>/500G,1/type:9;id:0;num:500;,,,,exp:80;,"[[21,1]]",[]
2076,3076,24,矮人森林,1,1000001,1,1000001,iconclass.1.lele,魔法修行,学习包括魔法课程和变化咒在内的任何魔法。提示：打开魔法书的按钮可以找到并且学会这些魔法。,学会魔法<!1@>/10种以上的魔法,,,1/study_magic_num:>=10;,,exp:150;,"[[21,1]]",[]
2077,3077,25,矮人森林,1,1000001,1,1000001,iconclass.1.lele,收集材料,提示：你可以通过变化咒来获得材料,<!1@>/20个褐水晶,,1/type:2;id:8312;num:20;,,1/cat:1;id:8312;num:20;,exp:150;,"[[21,1]]",[]
2078,3078,25,矮人森林,1,1000001,1,1000001,iconclass.1.lele,成长之路,提升自己的人物等级,人物等级达到<!1@>/26级,,,1/level:>=26;,,exp:80;,"[[21,1]]",[]
2079,3079,25,矮人森林,1,1000001,1,1000001,iconclass.1.lele,传授魔法,点击学生传授魔法,传授学生<!1@>/13次魔法,1/type:3;id:0;num:13;,0,0,0,exp:150;,"[[21,1]]",[]
2080,3080,25,矮人森林,1,1000001,1,1000001,iconclass.1.lele,解救学生,解救被魔法吞噬的学生,解救学生<!1@>/14次,1/type:4;id:0;num:14;,,,,exp:150;,"[[21,1]]",[]
2081,3081,25,矮人森林,1,1000001,1,1000001,iconclass.1.lele,使用变化咒,变化自己或者好友,使用1次变化咒<!1@>/9,1/type:11;id:0;num:9;,,,,exp:150;,"[[21,1]]",[]
2082,3082,25,矮人森林,1,1000001,1,1000001,iconclass.1.lele,使用变化咒,变化自己或者好友,使用2次变化咒<!1@>/10,1/type:11;id:0;num:10;,,,,exp:240;,"[[21,1]]",[]
2083,3083,25,矮人森林,1,1000001,1,1000001,iconclass.1.lele,收集材料,提示：你可以通过变化咒来获得材料,<!1@>/25个褐水晶,,1/type:2;id:8312;num:25;,,1/cat:1;id:8312;num:25;,exp:150;,"[[21,1]]",[]
2084,3084,25,矮人森林,1,1000001,1,1000001,iconclass.1.lele,合成术,使用合成术合成3个黄框木门,黄框木门<!1@>/3,1/type:1;id:192002;num:3;,,,,exp:150;,"[[21,1]]",[]
2085,3085,26,矮人森林,1,1000001,1,1000001,iconclass.1.lele,合成术,使用合成术合成5个绿色墙纸,绿色墙纸<!1@>/5,1/type:1;id:1194001;num:5;,,,,exp:240;,"[[21,1]]",[]
2086,3086,26,矮人森林,1,1000001,1,1000001,iconclass.1.lele,邀请好友,增加自己的好友数量,好友数达到<!1@>/6,,,1/invite_friends_num:>=6;,,exp:150;,"[[21,1]]",[]
2087,3087,26,矮人森林,1,1000001,1,1000001,iconclass.1.lele,解救学生,解救被魔法吞噬的学生,解救学生<!1@>/15次,1/type:4;id:0;num:15;,,,,exp:240;,"[[21,1]]",[]
2088,3088,26,矮人森林,1,1000001,1,1000001,iconclass.1.lele,魔法修行,学习包括魔法课程和变化咒在内的任何魔法。提示：打开魔法书的按钮可以找到并且学会这些魔法。,学会魔法<!1@>/11种以上的魔法,,,1/study_magic_num:>=11;,,exp:240;,"[[21,1]]",[]
2089,3089,26,矮人森林,1,1000001,1,1000001,iconclass.1.lele,成长之路,提升自己的人物等级,人物等级达到<!1@>/27级,,,1/level:>=27;,,exp:150;,"[[21,1]]",[]
2090,3090,27,矮人森林,1,1000001,1,1000001,iconclass.1.lele,解救学生,解救被魔法吞噬的学生,解救学生<!1@>/15次,1/type:4;id:0;num:15;,,,,exp:240;,"[[21,1]]",[]
2091,3091,27,矮人森林,1,1000001,1,1000001,iconclass.1.lele,收钱,在魔法世界中没有钱也是不行的,收钱<!1@>/500G,1/type:9;id:0;num:500;,,,,exp:80;,"[[21,1]]",[]
2092,3092,27,矮人森林,1,1000001,1,1000001,iconclass.1.lele,魔法修行,学习包括魔法课程和变化咒在内的任何魔法。提示：打开魔法书的按钮可以找到并且学会这些魔法。,学会魔法<!1@>/12种以上的魔法,,,1/study_magic_num:>=12;,,exp:240;,"[[21,1]]",[]
2093,3093,27,矮人森林,1,1000001,1,1000001,iconclass.1.lele,收集材料,提示：你可以通过变化咒来获得材料,<!1@>/30个褐水晶,,1/type:2;id:8313;num:30;,,1/cat:1;id:8312;num:30;,exp:240;,"[[21,1]]",[]
2094,3094,27,矮人森林,1,1000001,1,1000001,iconclass.1.lele,成长之路,提升自己的人物等级,人物等级达到<!1@>/28级,,,1/level:>=28;,,exp:150;,"[[21,1]]",[]
2095,3095,28,矮人森林,1,1000001,1,1000001,iconclass.1.lele,传授魔法,点击学生传授魔法,传授学生<!1@>/14次魔法,1/type:3;id:0;num:14;,0,0,0,exp:240;,"[[21,1]]",[]
2096,3096,28,矮人森林,1,1000001,1,1000001,iconclass.1.lele,解救学生,解救被魔法吞噬的学生,解救学生<!1@>/15次,1/type:4;id:0;num:15;,,,,exp:240;,"[[21,1]]",[]
2097,3097,28,矮人森林,1,1000001,1,1000001,iconclass.1.lele,使用变化咒,变化自己或者好友,使用2次变化咒<!1@>/10,1/type:11;id:0;num:10;,,,,exp:240;,"[[21,1]]",[]
2098,3098,28,矮人森林,1,1000001,1,1000001,iconclass.1.lele,收集材料,提示：你可以通过变化咒来获得材料,<!1@>/5个红水晶,,1/type:2;id:8313;num:5;,,1/cat:1;id:8313;num:5;,exp:240;,"[[21,1]]",[]
2099,3099,28,矮人森林,1,1000001,1,1000001,iconclass.1.lele,传授魔法,点击学生传授魔法,传授学生<!1@>/15次魔法,1/type:3;id:0;num:15;,0,0,0,exp:240;,"[[21,1]]",[]
2100,3100,29,矮人森林,1,1000001,1,1000001,iconclass.1.lele,合成术,使用合成术合成10个草皮,合成10个草皮<!1@>/10,1/type:1;id:193001;num:10;,,,,exp:240;,"[[21,1]]",[]
2101,3101,29,矮人森林,1,1000001,1,1000001,iconclass.1.lele,邀请好友,增加自己的好友数量,好友数达到<!1@>/7,,,1/invite_friends_num:>=7;,,exp:150;,"[[21,1]]",[]
2102,3102,29,矮人森林,1,1000001,1,1000001,iconclass.1.lele,收钱,在魔法世界中没有钱也是不行的,收钱<!1@>/1000G,1/type:9;id:0;num:1000;,,,,exp:150;,"[[21,1]]",[]
2103,3103,29,矮人森林,1,1000001,1,1000001,iconclass.1.lele,魔法修行,学习包括魔法课程和变化咒在内的任何魔法。提示：打开魔法书的按钮可以找到并且学会这些魔法。,学会魔法<!1@>/13种以上的魔法,,,1/study_magic_num:>=13;,,exp:240;,"[[21,1]]",[]
2104,3104,29,矮人森林,1,1000001,1,1000001,iconclass.1.lele,成长之路,提升自己的人物等级,人物等级达到<!1@>/30级,,,1/level:>=30;,,exp:150;,"[[21,1]]",[]
2105,3105,30,矮人森林,1,1000001,1,1000001,iconclass.1.lele,解救学生,解救被魔法吞噬的学生,解救学生<!1@>/15次,1/type:4;id:0;num:15;,,,,exp:240;,"[[21,1]]",[]
2106,3106,30,矮人森林,1,1000001,1,1000001,iconclass.1.lele,收钱,在魔法世界中没有钱也是不行的,收钱<!1@>/1000G,1/type:9;id:0;num:1000;,,,,exp:150;,"[[21,1]]",[]
2107,3107,30,矮人森林,1,1000001,1,1000001,iconclass.1.lele,传授魔法,点击学生传授魔法,传授学生<!1@>/16次魔法,1/type:3;id:0;num:16;,0,0,0,exp:240;,"[[21,1]]",[]
2108,3108,30,矮人森林,1,1000001,1,1000001,iconclass.1.lele,解救学生,解救被魔法吞噬的学生,解救学生<!1@>/15次,1/type:4;id:0;num:15;,,,,exp:240;,"[[21,1]]",[]
2109,3109,30,矮人森林,1,1000001,1,1000001,iconclass.1.lele,使用变化咒,变化自己或者好友,使用2次变化咒<!1@>/10,1/type:11;id:0;num:10;,,,,exp:240;,"[[21,1]]",[]
2110,3110,31,矮人森林,1,1000001,1,1000001,iconclass.1.lele,使用变化咒,变化自己或者好友,使用2次变化咒<!1@>/10,1/type:11;id:0;num:10;,,,,exp:240;,"[[21,1]]",[]
2111,3111,31,矮人森林,1,1000001,1,1000001,iconclass.1.lele,收集材料,提示：你可以通过变化咒来获得材料,<!1@>/10个红水晶,,1/type:2;id:8313;num:10;,,1/cat:1;id:8313;num:10;,exp:240;,"[[21,1]]",[]
2112,3112,31,矮人森林,1,1000001,1,1000001,iconclass.1.lele,合成术,使用合成术合成3个老木墩,老木墩<!1@>/3,1/type:1;id:195008;num:3;,,,,exp:350;,"[[21,1]]",[]
2113,3113,31,矮人森林,1,1000001,1,1000001,iconclass.1.lele,合成术,使用合成术合成2个红色方桌,红色方桌<!1@>/2,1/type:1;id:191003;num:2;,,,,exp:350;,"[[21,1]]",[]
2114,3114,31,矮人森林,1,1000001,1,1000001,iconclass.1.lele,邀请好友,增加自己的好友数量,好友数达到<!1@>/8,,,1/invite_friends_num:>=8;,,exp:240;,"[[21,1]]",[]
2115,3115,31,矮人森林,1,1000001,1,1000001,iconclass.1.lele,解救学生,解救被魔法吞噬的学生,解救学生<!1@>/15次,1/type:4;id:0;num:15;,,,,exp:240;,"[[21,1]]",[]
2116,3116,32,矮人森林,1,1000001,1,1000001,iconclass.1.lele,魔法修行,学习包括魔法课程和变化咒在内的任何魔法。提示：打开魔法书的按钮可以找到并且学会这些魔法。,学会魔法<!1@>/14种以上的魔法,,,1/study_magic_num:>=14;,,exp:240;,"[[21,1]]",[]
2117,3117,32,矮人森林,1,1000001,1,1000001,iconclass.1.lele,成长之路,提升自己的人物等级,人物等级达到<!1@>/33级,,,1/level:>=33;,,exp:240;,"[[21,1]]",[]
2118,3118,32,矮人森林,1,1000001,1,1000001,iconclass.1.lele,解救学生,解救被魔法吞噬的学生,解救学生<!1@>/15次,1/type:4;id:0;num:15;,,,,exp:240;,"[[21,1]]",[]
2119,3119,32,矮人森林,1,1000001,1,1000001,iconclass.1.lele,收钱,在魔法世界中没有钱也是不行的,收钱<!1@>/1000G,1/type:9;id:0;num:1000;,,,,exp:150;,"[[21,1]]",[]
2120,3120,32,矮人森林,1,1000001,1,1000001,iconclass.1.lele,魔法修行,学习包括魔法课程和变化咒在内的任何魔法。提示：打开魔法书的按钮可以找到并且学会这些魔法。,学会魔法<!1@>/15种以上的魔法,,,1/study_magic_num:>=15;,,exp:240;,"[[21,1]]",[]
2121,3121,32,矮人森林,1,1000001,1,1000001,iconclass.1.lele,收集材料,提示：你可以通过变化咒来获得材料,<!1@>/15个红水晶,,1/type:2;id:8313;num:15;,,1/cat:1;id:8313;num:15;,exp:240;,"[[21,1]]",[]
2122,3122,33,矮人森林,1,1000001,1,1000001,iconclass.1.lele,成长之路,提升自己的人物等级,人物等级达到<!1@>/34级,,,1/level:>=34;,,exp:240;,"[[21,1]]",[]
2123,3123,33,矮人森林,1,1000001,1,1000001,iconclass.1.lele,传授魔法,点击学生传授魔法,传授学生<!1@>/17次魔法,1/type:3;id:0;num:17;,0,0,0,exp:360;,"[[21,1]]",[]
2124,3124,33,矮人森林,1,1000001,1,1000001,iconclass.1.lele,解救学生,解救被魔法吞噬的学生,解救学生<!1@>/15次,1/type:4;id:0;num:15;,,,,exp:240;,"[[21,1]]",[]
2125,3125,33,矮人森林,1,1000001,1,1000001,iconclass.1.lele,使用变化咒,变化自己或者好友,使用2次变化咒<!1@>/10,1/type:11;id:0;num:10;,,,,exp:240;,"[[21,1]]",[]
2126,3126,33,矮人森林,1,1000001,1,1000001,iconclass.1.lele,收集材料,提示：你可以通过变化咒来获得材料,<!1@>/20个红水晶,,1/type:2;id:8313;num:20;,,1/cat:1;id:8313;num:20;,exp:240;,"[[21,1]]",[]
2127,3127,33,矮人森林,1,1000001,1,1000001,iconclass.1.lele,传授魔法,点击学生传授魔法,传授学生<!1@>/18次魔法,1/type:3;id:0;num:18;,0,0,0,exp:360;,"[[21,1]]",[]
2128,3128,34,矮人森林,1,1000001,1,1000001,iconclass.1.lele,合成术,使用合成术合成1个圆窗木门,合成1个圆窗木门<!1@>/1,1/type:1;id:192003;num:1;,,,,exp:350;,"[[21,1]]",[]
2129,3129,34,矮人森林,1,1000001,1,1000001,iconclass.1.lele,邀请好友,增加自己的好友数量,好友数达到<!1@>/9,,,1/invite_friends_num:>=9;,,exp:240;,"[[21,1]]",[]
2130,3130,34,矮人森林,1,1000001,1,1000001,iconclass.1.lele,收钱,在魔法世界中没有钱也是不行的,收钱<!1@>/1000G,1/type:9;id:0;num:1000;,,,,exp:150;,"[[21,1]]",[]
2131,3131,34,矮人森林,1,1000001,1,1000001,iconclass.1.lele,魔法修行,学习包括魔法课程和变化咒在内的任何魔法。提示：打开魔法书的按钮可以找到并且学会这些魔法。,学会魔法<!1@>/16种以上的魔法,,,1/study_magic_num:>=16;,,exp:350;,"[[21,1]]",[]
2132,3132,34,矮人森林,1,1000001,1,1000001,iconclass.1.lele,成长之路,提升自己的人物等级,人物等级达到<!1@>/35级,,,1/level:>=35;,,exp:240;,"[[21,1]]",[]
2133,3133,34,矮人森林,1,1000001,1,1000001,iconclass.1.lele,解救学生,解救被魔法吞噬的学生,解救学生<!1@>/15次,1/type:4;id:0;num:15;,,,,exp:240;,"[[21,1]]",[]
2134,3134,35,矮人森林,1,1000001,1,1000001,iconclass.1.lele,收钱,在魔法世界中没有钱也是不行的,收钱<!1@>/1000G,1/type:9;id:0;num:1000;,,,,exp:150;,"[[21,1]]",[]
2135,3135,35,矮人森林,1,1000001,1,1000001,iconclass.1.lele,魔法修行,学习包括魔法课程和变化咒在内的任何魔法。提示：打开魔法书的按钮可以找到并且学会这些魔法。,学会魔法<!1@>/17种以上的魔法,,,1/study_magic_num:>=17;,,exp:350;,"[[21,1]]",[]
2136,3136,35,矮人森林,1,1000001,1,1000001,iconclass.1.lele,收集材料,提示：你可以通过变化咒来获得材料,<!1@>/25个红水晶,,1/type:2;id:8313;num:25;,,1/cat:1;id:8313;num:25;,exp:350;,"[[21,1]]",[]
2137,3137,35,矮人森林,1,1000001,1,1000001,iconclass.1.lele,成长之路,提升自己的人物等级,人物等级达到<!1@>/37级,,,1/level:>=37;,,exp:240;,"[[21,1]]",[]
2138,3138,35,矮人森林,1,1000001,1,1000001,iconclass.1.lele,传授魔法,点击学生传授魔法,传授学生<!1@>/19次魔法,1/type:3;id:0;num:19;,0,0,0,exp:360;,"[[21,1]]",[]
2139,3139,35,矮人森林,1,1000001,1,1000001,iconclass.1.lele,解救学生,解救被魔法吞噬的学生,解救学生<!1@>/15次,1/type:4;id:0;num:15;,,,,exp:240;,"[[21,1]]",[]
2140,3140,36,矮人森林,1,1000001,1,1000001,iconclass.1.lele,使用变化咒,变化自己或者好友,使用2次变化咒<!1@>/10,1/type:11;id:0;num:10;,,,,exp:240;,"[[21,1]]",[]
2141,3141,36,矮人森林,1,1000001,1,1000001,iconclass.1.lele,传授魔法,点击学生传授魔法,传授学生<!1@>/20次魔法,1/type:3;id:0;num:20;,0,0,0,exp:500;,"[[21,1]]",[]
2142,3142,36,矮人森林,1,1000001,1,1000001,iconclass.1.lele,解救学生,解救被魔法吞噬的学生,解救学生<!1@>/15次,1/type:4;id:0;num:15;,,,,exp:240;,"[[21,1]]",[]
2143,3143,36,矮人森林,1,1000001,1,1000001,iconclass.1.lele,使用变化咒,变化自己或者好友,使用2次变化咒<!1@>/10,1/type:11;id:0;num:10;,,,,exp:240;,"[[21,1]]",[]
2144,3144,36,矮人森林,1,1000001,1,1000001,iconclass.1.lele,使用变化咒,变化自己或者好友,使用2次变化咒<!1@>/10,1/type:11;id:0;num:10;,,,,exp:240;,"[[21,1]]",[]
2145,3145,36,矮人森林,1,1000001,1,1000001,iconclass.1.lele,收集材料,提示：你可以通过变化咒来获得材料,<!1@>/30个红水晶,,1/type:2;id:8313;num:30;,,1/cat:1;id:8313;num:30;,exp:350;,"[[21,1]]",[]
2146,3146,37,矮人森林,1,1000001,1,1000001,iconclass.1.lele,合成术,使用合成术合成10个蓝白格地砖,合成10个蓝白格地砖<!1@>/10,1/type:1;id:193002;num:10;,,,,exp:500;,"[[21,1]]",[]
2147,3147,37,矮人森林,1,1000001,1,1000001,iconclass.1.lele,合成术,使用合成术合成3个蓝色墙纸,合成3个蓝色墙纸<!1@>/3,1/type:1;id:194002;num:3;,,,,exp:500;,"[[21,1]]",[]
2148,3148,37,矮人森林,1,1000001,1,1000001,iconclass.1.lele,邀请好友,增加自己的好友数量,好友数达到<!1@>/10,,,1/invite_friends_num:>=10;,,exp:240;,"[[21,1]]",[]
2149,3149,37,矮人森林,1,1000001,1,1000001,iconclass.1.lele,解救学生,解救被魔法吞噬的学生,解救学生<!1@>/15次,1/type:4;id:0;num:15;,,,,exp:240;,"[[21,1]]",[]
2150,3150,37,矮人森林,1,1000001,1,1000001,iconclass.1.lele,魔法修行,学习包括魔法课程和变化咒在内的任何魔法。提示：打开魔法书的按钮可以找到并且学会这些魔法。,学会魔法<!1@>/18种以上的魔法,,,1/study_magic_num:>=18;,,exp:350;,"[[21,1]]",[]
2151,3151,37,矮人森林,1,1000001,1,1000001,iconclass.1.lele,成长之路,提升自己的人物等级,人物等级达到<!1@>/38级,,,1/level:>=38;,,exp:360;,"[[21,1]]",[]
2152,3152,38,矮人森林,1,1000001,1,1000001,iconclass.1.lele,解救学生,解救被魔法吞噬的学生,解救学生<!1@>/15次,1/type:4;id:0;num:15;,,,,exp:240;,"[[21,1]]",[]
2153,3153,38,矮人森林,1,1000001,1,1000001,iconclass.1.lele,收钱,在魔法世界中没有钱也是不行的,收钱<!1@>/1500G,1/type:9;id:0;num:1500;,,,,exp:240;,"[[21,1]]",[]
2154,3154,38,矮人森林,1,1000001,1,1000001,iconclass.1.lele,魔法修行,学习包括魔法课程和变化咒在内的任何魔法。提示：打开魔法书的按钮可以找到并且学会这些魔法。,学会魔法<!1@>/19种以上的魔法,,,1/study_magic_num:>=19;,,exp:350;,"[[21,1]]",[]
2155,3155,38,矮人森林,1,1000001,1,1000001,iconclass.1.lele,收集材料,提示：你可以通过变化咒来获得材料,<!1@>/35个红水晶,,1/type:2;id:8313;num:35;,,1/cat:1;id:8313;num:35;,exp:350;,"[[21,1]]",[]
2156,3156,38,矮人森林,1,1000001,1,1000001,iconclass.1.lele,成长之路,提升自己的人物等级,人物等级达到<!1@>/39级,,,1/level:>=39;,,exp:360;,"[[21,1]]",[]
2157,3157,38,矮人森林,1,1000001,1,1000001,iconclass.1.lele,传授魔法,点击学生传授魔法,传授学生<!1@>/21次魔法,1/type:3;id:0;num:21;,0,0,0,exp:500;,"[[21,1]]",[]
2158,3158,39,矮人森林,1,1000001,1,1000001,iconclass.1.lele,解救学生,解救被魔法吞噬的学生,解救学生<!1@>/15次,1/type:4;id:0;num:15;,,,,exp:240;,"[[21,1]]",[]
2159,3159,39,矮人森林,1,1000001,1,1000001,iconclass.1.lele,使用变化咒,变化自己或者好友,使用2次变化咒<!1@>/10,1/type:11;id:0;num:10;,,,,exp:240;,"[[21,1]]",[]
2160,3160,39,矮人森林,1,1000001,1,1000001,iconclass.1.lele,收集材料,提示：你可以通过变化咒来获得材料,<!1@>/40个红水晶,,1/type:2;id:8313;num:40;,,1/cat:1;id:8313;num:40;,exp:350;,"[[21,1]]",[]
2161,3161,39,矮人森林,1,1000001,1,1000001,iconclass.1.lele,传授魔法,点击学生传授魔法,传授学生<!1@>/22次魔法,1/type:3;id:0;num:22;,0,0,0,exp:500;,"[[21,1]]",[]
2162,3162,39,矮人森林,1,1000001,1,1000001,iconclass.1.lele,合成术,使用合成术合成1个木制烛台,合成1个木制烛台<!1@>/1,1/type:1;id:195009;num:1;,,,,exp:500;,"[[21,1]]",[]
2163,3163,39,矮人森林,1,1000001,1,1000001,iconclass.1.lele,邀请好友,增加自己的好友数量,好友数达到<!1@>/11,,,1/invite_friends_num:>=11;,,exp:240;,"[[21,1]]",[]
2164,3164,40,矮人森林,1,1000001,1,1000001,iconclass.1.lele,收钱,在魔法世界中没有钱也是不行的,收钱<!1@>/1500G,1/type:9;id:0;num:1500;,,,,exp:240;,"[[21,1]]",[]
2165,3165,40,矮人森林,1,1000001,1,1000001,iconclass.1.lele,魔法修行,学习包括魔法课程和变化咒在内的任何魔法。提示：打开魔法书的按钮可以找到并且学会这些魔法。,学会魔法<!1@>/20种以上的魔法,,,1/study_magic_num:>=20;,,exp:500;,"[[21,1]]",[]
2166,3166,40,矮人森林,1,1000001,1,1000001,iconclass.1.lele,成长之路,提升自己的人物等级,人物等级达到<!1@>/41级,,,1/level:>=41;,,exp:360;,"[[21,1]]",[]
2167,3167,40,矮人森林,1,1000001,1,1000001,iconclass.1.lele,解救学生,解救被魔法吞噬的学生,解救学生<!1@>/15次,1/type:4;id:0;num:15;,,,,exp:240;,"[[21,1]]",[]
2168,3168,40,矮人森林,1,1000001,1,1000001,iconclass.1.lele,收钱,在魔法世界中没有钱也是不行的,收钱<!1@>/1500G,1/type:9;id:0;num:1500;,,,,exp:240;,"[[21,1]]",[]
2169,3169,40,矮人森林,1,1000001,1,1000001,iconclass.1.lele,传授魔法,点击学生传授魔法,传授学生<!1@>/23次魔法,1/type:3;id:0;num:23;,0,0,0,exp:500;,"[[21,1]]",[]
2170,3170,41,矮人森林,1,1000001,1,1000001,iconclass.1.lele,解救学生,解救被魔法吞噬的学生,解救学生<!1@>/15次,1/type:4;id:0;num:15;,,,,exp:240;,"[[21,1]]",[]
2171,3171,41,矮人森林,1,1000001,1,1000001,iconclass.1.lele,使用变化咒,变化自己或者好友,使用2次变化咒<!1@>/10,1/type:11;id:0;num:10;,,,,exp:240;,"[[21,1]]",[]
2172,3172,41,矮人森林,1,1000001,1,1000001,iconclass.1.lele,使用变化咒,变化自己或者好友,使用2次变化咒<!1@>/10,1/type:11;id:0;num:10;,,,,exp:240;,"[[21,1]]",[]
2173,3173,41,矮人森林,1,1000001,1,1000001,iconclass.1.lele,收集材料,提示：你可以通过变化咒来获得材料,<!1@>/5个绿水晶,,1/type:2;id:8314;num:5;,,1/cat:1;id:8314;num:5;,exp:500;,"[[21,1]]",[]
2174,3174,41,矮人森林,1,1000001,1,1000001,iconclass.1.lele,合成术,使用合成术合成1个木制窗户,合成1个木制窗户<!1@>/1,1/type:1;id:197001;num:1;,,,,exp:700;,"[[21,1]]",[]
2175,3175,41,矮人森林,1,1000001,1,1000001,iconclass.1.lele,合成术,使用合成术合成1个七彩画像,合成1个七彩画像<!1@>/1,1/type:1;id:197003;num:1;,,,,exp:700;,"[[21,1]]",[]
2176,3176,41,矮人森林,1,1000001,1,1000001,iconclass.1.lele,邀请好友,增加自己的好友数量,好友数达到<!1@>/12,,,1/invite_friends_num:>=12;,,exp:240;,"[[21,1]]",[]
2177,3177,42,矮人森林,1,1000001,1,1000001,iconclass.1.lele,解救学生,解救被魔法吞噬的学生,解救学生<!1@>/15次,1/type:4;id:0;num:15;,,,,exp:240;,"[[21,1]]",[]
2178,3178,42,矮人森林,1,1000001,1,1000001,iconclass.1.lele,魔法修行,学习包括魔法课程和变化咒在内的任何魔法。提示：打开魔法书的按钮可以找到并且学会这些魔法。,学会魔法<!1@>/21种以上的魔法,,,1/study_magic_num:>=21;,,exp:500;,"[[21,1]]",[]
2179,3179,42,矮人森林,1,1000001,1,1000001,iconclass.1.lele,成长之路,提升自己的人物等级,人物等级达到<!1@>/43级,,,1/level:>=43;,,exp:500;,"[[21,1]]",[]
2180,3180,42,矮人森林,1,1000001,1,1000001,iconclass.1.lele,解救学生,解救被魔法吞噬的学生,解救学生<!1@>/15次,1/type:4;id:0;num:15;,,,,exp:240;,"[[21,1]]",[]
2181,3181,42,矮人森林,1,1000001,1,1000001,iconclass.1.lele,收钱,在魔法世界中没有钱也是不行的,收钱<!1@>/1500G,1/type:9;id:0;num:1500;,,,,exp:240;,"[[21,1]]",[]
2182,3182,42,矮人森林,1,1000001,1,1000001,iconclass.1.lele,魔法修行,学习包括魔法课程和变化咒在内的任何魔法。提示：打开魔法书的按钮可以找到并且学会这些魔法。,学会魔法<!1@>/22种以上的魔法,,,1/study_magic_num:>=22;,,exp:500;,"[[21,1]]",[]
2183,3183,42,矮人森林,1,1000001,1,1000001,iconclass.1.lele,收集材料,提示：你可以通过变化咒来获得材料,<!1@>/10个绿水晶,,1/type:2;id:8314;num:10;,,1/cat:1;id:8314;num:10;,exp:500;,"[[21,1]]",[]
2184,3184,43,矮人森林,1,1000001,1,1000001,iconclass.1.lele,成长之路,提升自己的人物等级,人物等级达到<!1@>/44级,,,1/level:>=44;,,exp:500;,"[[21,1]]",[]
2185,3185,43,矮人森林,1,1000001,1,1000001,iconclass.1.lele,传授魔法,点击学生传授魔法,传授学生<!1@>/24次魔法,1/type:3;id:0;num:24;,0,0,0,exp:700;,"[[21,1]]",[]
2186,3186,43,矮人森林,1,1000001,1,1000001,iconclass.1.lele,解救学生,解救被魔法吞噬的学生,解救学生<!1@>/15次,1/type:4;id:0;num:15;,,,,exp:240;,"[[21,1]]",[]
2187,3187,43,矮人森林,1,1000001,1,1000001,iconclass.1.lele,使用变化咒,变化自己或者好友,使用2次变化咒<!1@>/10,1/type:11;id:0;num:10;,,,,exp:240;,"[[21,1]]",[]
2188,3188,43,矮人森林,1,1000001,1,1000001,iconclass.1.lele,使用变化咒,变化自己或者好友,使用2次变化咒<!1@>/10,1/type:11;id:0;num:10;,,,,exp:360;,"[[21,1]]",[]
2189,3189,43,矮人森林,1,1000001,1,1000001,iconclass.1.lele,收集材料,提示：你可以通过变化咒来获得材料,<!1@>/15个绿水晶,,1/type:2;id:8314;num:15;,,1/cat:1;id:8314;num:15;,exp:500;,"[[21,1]]",[]
2190,3190,43,矮人森林,1,1000001,1,1000001,iconclass.1.lele,合成术,使用合成术合成1石制窗户,合成1石制窗户<!1@>/1,1/type:1;id:197004;num:1;,,,,exp:700;,"[[21,1]]",[]
2191,3191,43,矮人森林,1,1000001,1,1000001,iconclass.1.lele,合成术,使用合成术合成1个粗糙的魔法旗,合成1个粗糙的魔法旗<!1@>/1,1/type:1;id:197005;num:1;,,,,exp:700;,"[[21,1]]",[]
2192,3192,44,矮人森林,1,1000001,1,1000001,iconclass.1.lele,邀请好友,增加自己的好友数量,好友数达到<!1@>/13,,,1/invite_friends_num:>=13;,,exp:350;,"[[21,1]]",[]
2193,3193,44,矮人森林,1,1000001,1,1000001,iconclass.1.lele,解救学生,解救被魔法吞噬的学生,解救学生<!1@>/15次,1/type:4;id:0;num:15;,,,,exp:240;,"[[21,1]]",[]
2194,3194,44,矮人森林,1,1000001,1,1000001,iconclass.1.lele,魔法修行,学习包括魔法课程和变化咒在内的任何魔法。提示：打开魔法书的按钮可以找到并且学会这些魔法。,学会魔法<!1@>/23种以上的魔法,,,1/study_magic_num:>=23;,,exp:500;,"[[21,1]]",[]
2195,3195,44,矮人森林,1,1000001,1,1000001,iconclass.1.lele,成长之路,提升自己的人物等级,人物等级达到<!1@>/45级,,,1/level:>=45;,,exp:500;,"[[21,1]]",[]
2196,3196,44,矮人森林,1,1000001,1,1000001,iconclass.1.lele,解救学生,解救被魔法吞噬的学生,解救学生<!1@>/15次,1/type:4;id:0;num:15;,,,,exp:240;,"[[21,1]]",[]
2197,3197,44,矮人森林,1,1000001,1,1000001,iconclass.1.lele,收钱,在魔法世界中没有钱也是不行的,收钱<!1@>/1500G,1/type:9;id:0;num:1500;,,,,exp:240;,"[[21,1]]",[]
2198,3198,44,矮人森林,1,1000001,1,1000001,iconclass.1.lele,魔法修行,学习包括魔法课程和变化咒在内的任何魔法。提示：打开魔法书的按钮可以找到并且学会这些魔法。,学会魔法<!1@>/24种以上的魔法,,,1/study_magic_num:>=24;,,exp:500;,"[[21,1]]",[]
2199,3199,44,矮人森林,1,1000001,1,1000001,iconclass.1.lele,收集材料,提示：你可以通过变化咒来获得材料,<!1@>/20个绿水晶,,1/type:2;id:8314;num:20;,,1/cat:1;id:8314;num:20;,exp:500;,"[[21,1]]",[]
2200,3200,45,矮人森林,1,1000001,1,1000001,iconclass.1.lele,成长之路,提升自己的人物等级,人物等级达到<!1@>/47级,,,1/level:>=47;,,exp:500;,"[[21,1]]",[]
2201,3201,45,矮人森林,1,1000001,1,1000001,iconclass.1.lele,传授魔法,点击学生传授魔法,传授学生<!1@>/25次魔法,1/type:3;id:0;num:25;,0,0,0,exp:700;,"[[21,1]]",[]
2202,3202,45,矮人森林,1,1000001,1,1000001,iconclass.1.lele,解救学生,解救被魔法吞噬的学生,解救学生<!1@>/15次,1/type:4;id:0;num:15;,,,,exp:240;,"[[21,1]]",[]
2203,3203,45,矮人森林,1,1000001,1,1000001,iconclass.1.lele,使用变化咒,变化自己或者好友,使用2次变化咒<!1@>/10,1/type:11;id:0;num:10;,,,,exp:360;,"[[21,1]]",[]
2204,3204,45,矮人森林,1,1000001,1,1000001,iconclass.1.lele,收集材料,提示：你可以通过变化咒来获得材料,<!1@>/25个绿水晶,,1/type:2;id:8314;num:25;,,1/cat:1;id:8314;num:25;,exp:500;,"[[21,1]]",[]
2205,3205,45,矮人森林,1,1000001,1,1000001,iconclass.1.lele,传授魔法,点击学生传授魔法,传授学生<!1@>26次魔法,1/type:3;id:0;num:26;,0,0,0,exp:700;,"[[21,1]]",[]
2206,3206,45,矮人森林,1,1000001,1,1000001,iconclass.1.lele,合成术,使用合成术合成1个老旧的石头壁炉,合成1个老旧的石头壁炉<!1@>/1,1/type:1;id:197006;num:1;,,,,exp:850;,"[[21,1]]",[]
2207,3207,45,矮人森林,1,1000001,1,1000001,iconclass.1.lele,邀请好友,增加自己的好友数量,好友数达到<!1@>/14,,,1/invite_friends_num:>=14;,,exp:350;,"[[21,1]]",[]
2208,3208,48,矮人森林,1,1000001,1,1000001,iconclass.1.lele,收钱,在魔法世界中没有钱也是不行的,收钱<!1@>/2000G,1/type:9;id:0;num:2000;,,,,exp:360;,"[[21,1]]",[]
2209,3209,48,矮人森林,1,1000001,1,1000001,iconclass.1.lele,魔法修行,学习包括魔法课程和变化咒在内的任何魔法。提示：打开魔法书的按钮可以找到并且学会这些魔法。,学会魔法<!1@>/25种以上的魔法,,,1/study_magic_num:>=25;,,exp:700;,"[[21,1]]",[]
2210,3210,48,矮人森林,1,1000001,1,1000001,iconclass.1.lele,成长之路,提升自己的人物等级,人物等级达到<!1@>/49级,,,1/level:>=49;,,exp:500;,"[[21,1]]",[]
2211,3211,48,矮人森林,1,1000001,1,1000001,iconclass.1.lele,解救学生,解救被魔法吞噬的学生,解救学生<!1@>/15次,1/type:4;id:0;num:15;,,,,exp:240;,"[[21,1]]",[]
2212,3212,48,矮人森林,1,1000001,1,1000001,iconclass.1.lele,收钱,在魔法世界中没有钱也是不行的,收钱<!1@>/2000G,1/type:9;id:0;num:2000;,,,,exp:360;,"[[21,1]]",[]
2213,3213,48,矮人森林,1,1000001,1,1000001,iconclass.1.lele,传授魔法,点击学生传授魔法,传授学生<!1@>/27次魔法,1/type:3;id:0;num:27;,0,0,0,exp:700;,"[[21,1]]",[]
2214,3214,48,矮人森林,1,1000001,1,1000001,iconclass.1.lele,解救学生,解救被魔法吞噬的学生,解救学生<!1@>/15次,1/type:4;id:0;num:15;,,,,exp:240;,"[[21,1]]",[]
2215,3215,48,矮人森林,1,1000001,1,1000001,iconclass.1.lele,使用变化咒,变化自己或者好友,使用2次变化咒<!1@>/10,1/type:11;id:0;num:10;,,,,exp:360;,"[[21,1]]",[]
2216,3216,49,矮人森林,1,1000001,1,1000001,iconclass.1.lele,使用变化咒,变化自己或者好友,使用2次变化咒<!1@>/10,1/type:11;id:0;num:10;,,,,exp:360;,"[[21,1]]",[]
2217,3217,49,矮人森林,1,1000001,1,1000001,iconclass.1.lele,收集材料,提示：你可以通过变化咒来获得材料,<!1@>/30个绿水晶,,1/type:2;id:8314;num:30;,,1/cat:1;id:8314;num:30;,exp:700;,"[[21,1]]",[]
2218,3218,49,矮人森林,1,1000001,1,1000001,iconclass.1.lele,合成术,使用合成术合成1个月亮石板,合成1个月亮石板<!1@>/1,1/type:1;id:197007;num:1;,,,,exp:850;,"[[21,1]]",[]
2219,3219,49,矮人森林,1,1000001,1,1000001,iconclass.1.lele,合成术,使用合成术合成1个亚麻魔法旗,合成1个亚麻魔法旗<!1@>/1,1/type:1;id:197013;num:1;,,,,exp:850;,"[[21,1]]",[]
2220,3220,49,矮人森林,1,1000001,1,1000001,iconclass.1.lele,邀请好友,增加自己的好友数量,好友数达到<!1@>/15,,,1/invite_friends_num:>=15;,,exp:350;,"[[21,1]]",[]
2221,3221,49,矮人森林,1,1000001,1,1000001,iconclass.1.lele,解救学生,解救被魔法吞噬的学生,解救学生<!1@>/15次,1/type:4;id:0;num:15;,,,,exp:240;,"[[21,1]]",[]
2222,3222,49,矮人森林,1,1000001,1,1000001,iconclass.1.lele,魔法修行,学习包括魔法课程和变化咒在内的任何魔法。提示：打开魔法书的按钮可以找到并且学会这些魔法。,学会魔法<!1@>/26种以上的魔法,,,1/study_magic_num:>=26;,,exp:700;,"[[21,1]]",[]
2223,3223,49,矮人森林,1,1000001,1,1000001,iconclass.1.lele,成长之路,提升自己的人物等级,人物等级达到<!1@>/50级,,,1/level:>=50;,,exp:500;,"[[21,1]]",[]
2224,3224,50,矮人森林,1,1000001,1,1000001,iconclass.1.lele,解救学生,解救被魔法吞噬的学生,解救学生<!1@>/15次,1/type:4;id:0;num:15;,,,,exp:240;,"[[21,1]]",[]
2225,3225,50,矮人森林,1,1000001,1,1000001,iconclass.1.lele,收钱,在魔法世界中没有钱也是不行的,收钱<!1@>/2000G,1/type:9;id:0;num:2000;,,,,exp:360;,"[[21,1]]",[]
2226,3226,50,矮人森林,1,1000001,1,1000001,iconclass.1.lele,魔法修行,学习包括魔法课程和变化咒在内的任何魔法。提示：打开魔法书的按钮可以找到并且学会这些魔法。,学会魔法<!1@>/27种以上的魔法,,,1/study_magic_num:>=27;,,exp:700;,"[[21,1]]",[]
2227,3227,50,矮人森林,1,1000001,1,1000001,iconclass.1.lele,收集材料,提示：你可以通过变化咒来获得材料,<!1@>/35个绿水晶,,1/type:2;id:8314;num:35;,,1/cat:1;id:8314;num:35;,exp:700;,"[[21,1]]",[]
2228,3228,50,矮人森林,1,1000001,1,1000001,iconclass.1.lele,成长之路,提升自己的人物等级,人物等级达到<!1@>/51级,,,1/level:>=51;,,exp:1000;,"[[21,1]]",[]
2229,3229,50,矮人森林,1,1000001,1,1000001,iconclass.1.lele,传授魔法,点击学生传授魔法,传授学生<!1@>/28次魔法,1/type:3;id:0;num:28;,0,0,0,exp:700;,"[[21,1]]",[]
2230,3230,50,矮人森林,1,1000001,1,1000001,iconclass.1.lele,解救学生,解救被魔法吞噬的学生,解救学生<!1@>/15次,1/type:4;id:0;num:15;,,,,exp:240;,"[[21,1]]",[]
2231,3231,50,矮人森林,1,1000001,1,1000001,iconclass.1.lele,使用变化咒,变化自己或者好友,使用2次变化咒<!1@>/10,1/type:11;id:0;num:10;,,,,exp:360;,"[[21,1]]",[]
2232,3232,51,矮人森林,1,1000001,1,1000001,iconclass.1.lele,收集材料,提示：你可以通过变化咒来获得材料,<!1@>/5个白水晶,,1/type:2;id:8315;num:5;,,1/cat:1;id:8315;num:5;,exp:700;,"[[21,1]]",[]
2233,3233,51,矮人森林,1,1000001,1,1000001,iconclass.1.lele,传授魔法,点击学生传授魔法,传授学生<!1@>/29次魔法,1/type:3;id:0;num:29;,0,0,0,exp:875;,"[[21,1]]",[]
2234,3234,51,矮人森林,1,1000001,1,1000001,iconclass.1.lele,合成术,使用合成术合成1个萤火壁灯,合成1个萤火壁灯<!1@>/1,1/type:1;id:197014;num:1;,,,,exp:850;,"[[21,1]]",[]
2235,3235,51,矮人森林,1,1000001,1,1000001,iconclass.1.lele,邀请好友,增加自己的好友数量,好友数达到<!1@>/16,,,1/invite_friends_num:>=16;,,exp:350;,"[[21,1]]",[]
2236,3236,51,矮人森林,1,1000001,1,1000001,iconclass.1.lele,收钱,在魔法世界中没有钱也是不行的,收钱<!1@>/2000G,1/type:9;id:0;num:2000;,,,,exp:360;,"[[21,1]]",[]
2237,3237,51,矮人森林,1,1000001,1,1000001,iconclass.1.lele,魔法修行,学习包括魔法课程和变化咒在内的任何魔法。提示：打开魔法书的按钮可以找到并且学会这些魔法。,学会魔法<!1@>/28种以上的魔法,,,1/study_magic_num:>=28;,,exp:700;,"[[21,1]]",[]
2238,3238,51,矮人森林,1,1000001,1,1000001,iconclass.1.lele,成长之路,提升自己的人物等级,人物等级达到<!1@>/52级,,,1/level:>=52;,,exp:1000;,"[[21,1]]",[]
2239,3239,51,矮人森林,1,1000001,1,1000001,iconclass.1.lele,解救学生,解救被魔法吞噬的学生,解救学生<!1@>/15次,1/type:4;id:0;num:15;,,,,exp:240;,"[[21,1]]",[]
2240,3240,52,矮人森林,1,1000001,1,1000001,iconclass.1.lele,收钱,在魔法世界中没有钱也是不行的,收钱<!1@>/2000G,1/type:9;id:0;num:2000;,,,,exp:360;,"[[21,1]]",[]
2241,3241,52,矮人森林,1,1000001,1,1000001,iconclass.1.lele,魔法修行,学习包括魔法课程和变化咒在内的任何魔法。提示：打开魔法书的按钮可以找到并且学会这些魔法。,学会魔法<!1@>/29种以上的魔法,,,1/study_magic_num:>=29;,,exp:700;,"[[21,1]]",[]
2242,3242,52,矮人森林,1,1000001,1,1000001,iconclass.1.lele,收集材料,提示：你可以通过变化咒来获得材料,<!1@>/10个白水晶,,1/type:2;id:8315;num:10;,,1/cat:1;id:8315;num:10;,exp:700;,"[[21,1]]",[]
2243,3243,52,矮人森林,1,1000001,1,1000001,iconclass.1.lele,成长之路,提升自己的人物等级,人物等级达到<!1@>/53级,,,1/level:>=53;,,exp:1000;,"[[21,1]]",[]
2244,3244,52,矮人森林,1,1000001,1,1000001,iconclass.1.lele,传授魔法,点击学生传授魔法,传授学生<!1@>/30次魔法,1/type:3;id:0;num:30;,0,0,0,exp:875;,"[[21,1]]",[]
2245,3245,52,矮人森林,1,1000001,1,1000001,iconclass.1.lele,解救学生,解救被魔法吞噬的学生,解救学生<!1@>/15次,1/type:4;id:0;num:15;,,,,exp:240;,"[[21,1]]",[]
2246,3246,52,矮人森林,1,1000001,1,1000001,iconclass.1.lele,使用变化咒,变化自己或者好友,使用2次变化咒<!1@>/10,1/type:11;id:0;num:10;,,,,exp:360;,"[[21,1]]",[]
2247,3247,52,矮人森林,1,1000001,1,1000001,iconclass.1.lele,传授魔法,点击学生传授魔法,传授学生<!1@>/31次魔法,1/type:3;id:0;num:31;,0,0,0,exp:875;,"[[21,1]]",[]
2248,3248,53,矮人森林,1,1000001,1,1000001,iconclass.1.lele,解救学生,解救被魔法吞噬的学生,解救学生<!1@>/15次,1/type:4;id:0;num:15;,,,,exp:240;,"[[21,1]]",[]
2249,3249,53,矮人森林,1,1000001,1,1000001,iconclass.1.lele,使用变化咒,变化自己或者好友,使用2次变化咒<!1@>/10,1/type:11;id:0;num:10;,,,,exp:360;,"[[21,1]]",[]
2250,3250,53,矮人森林,1,1000001,1,1000001,iconclass.1.lele,使用变化咒,变化自己或者好友,使用2次变化咒<!1@>/10,1/type:11;id:0;num:10;,,,,exp:360;,"[[21,1]]",[]
2251,3251,53,矮人森林,1,1000001,1,1000001,iconclass.1.lele,收集材料,提示：你可以通过变化咒来获得材料,<!1@>/15个白水晶,,1/type:2;id:8315;num:15;,,1/cat:1;id:8315;num:15;,exp:700;,"[[21,1]]",[]
2252,3252,53,矮人森林,1,1000001,1,1000001,iconclass.1.lele,合成术,使用合成术合成1个破烂的盾牌,合成1个破烂的盾牌<!1@>/1,1/type:1;id:197015;num:1;,,,,exp:850;,"[[21,1]]",[]
2253,3253,53,矮人森林,1,1000001,1,1000001,iconclass.1.lele,合成术,使用合成术合成1个巫婆相框,合成1个巫婆相框<!1@>/1,1/type:1;id:197019;num:1;,,,,exp:850;,"[[21,1]]",[]
2254,3254,53,矮人森林,1,1000001,1,1000001,iconclass.1.lele,邀请好友,增加自己的好友数量,好友数达到<!1@>/17,,,1/invite_friends_num:>=17;,,exp:350;,"[[21,1]]",[]
2255,3255,53,矮人森林,1,1000001,1,1000001,iconclass.1.lele,解救学生,解救被魔法吞噬的学生,解救学生<!1@>/15次,1/type:4;id:0;num:15;,,,,exp:240;,"[[21,1]]",[]
2256,3256,54,矮人森林,1,1000001,1,1000001,iconclass.1.lele,魔法修行,学习包括魔法课程和变化咒在内的任何魔法。提示：打开魔法书的按钮可以找到并且学会这些魔法。,学会魔法<!1@>/30种以上的魔法,,,1/study_magic_num:>=30;,,exp:700;,"[[21,1]]",[]
2257,3257,54,矮人森林,1,1000001,1,1000001,iconclass.1.lele,成长之路,提升自己的人物等级,人物等级达到<!1@>/55级,,,1/level:>=55;,,exp:1000;,"[[21,1]]",[]
2258,3258,54,矮人森林,1,1000001,1,1000001,iconclass.1.lele,解救学生,解救被魔法吞噬的学生,解救学生<!1@>/15次,1/type:4;id:0;num:15;,,,,exp:240;,"[[21,1]]",[]
2259,3259,54,矮人森林,1,1000001,1,1000001,iconclass.1.lele,收钱,在魔法世界中没有钱也是不行的,收钱<!1@>/2500G,1/type:9;id:0;num:2500;,,,,exp:500;,"[[21,1]]",[]
2260,3260,54,矮人森林,1,1000001,1,1000001,iconclass.1.lele,魔法修行,学习包括魔法课程和变化咒在内的任何魔法。提示：打开魔法书的按钮可以找到并且学会这些魔法。,学会魔法<!1@>/31种以上的魔法,,,1/study_magic_num:>=31;,,exp:700;,"[[21,1]]",[]
2261,3261,54,矮人森林,1,1000001,1,1000001,iconclass.1.lele,收集材料,提示：你可以通过变化咒来获得材料,<!1@>/20个白水晶,,1/type:2;id:8315;num:20;,,1/cat:1;id:8315;num:20;,exp:700;,"[[21,1]]",[]
2262,3262,55,矮人森林,1,1000001,1,1000001,iconclass.1.lele,成长之路,提升自己的人物等级,人物等级达到<!1@>/56级,,,1/level:>=56;,,exp:1000;,"[[21,1]]",[]
2263,3263,54,矮人森林,1,1000001,1,1000001,iconclass.1.lele,传授魔法,点击学生传授魔法,传授学生<!1@>/32次魔法,1/type:3;id:0;num:32;,0,0,0,exp:875;,"[[21,1]]",[]
2264,3264,55,矮人森林,1,1000001,1,1000001,iconclass.1.lele,解救学生,解救被魔法吞噬的学生,解救学生<!1@>/15次,1/type:4;id:0;num:15;,,,,exp:240;,"[[21,1]]",[]
2265,3265,55,矮人森林,1,1000001,1,1000001,iconclass.1.lele,使用变化咒,变化自己或者好友,使用2次变化咒<!1@>/10,1/type:11;id:0;num:10;,,,,exp:360;,"[[21,1]]",[]
2266,3266,55,矮人森林,1,1000001,1,1000001,iconclass.1.lele,收集材料,提示：你可以通过变化咒来获得材料,<!1@>/25个白水晶,,1/type:2;id:8315;num:25;,,1/cat:1;id:8315;num:25;,exp:700;,"[[21,1]]",[]
2267,3267,55,矮人森林,1,1000001,1,1000001,iconclass.1.lele,传授魔法,点击学生传授魔法,传授学生<!1@>/33次魔法,1/type:3;id:0;num:33;,0,0,0,exp:875;,"[[21,1]]",[]
2268,3268,55,矮人森林,1,1000001,1,1000001,iconclass.1.lele,合成术,使用合成术合成1个猫头鹰相框,合成1个猫头鹰相框<!1@>/1,1/type:1;id:197020;num:5;,,,,exp:850;,"[[21,1]]",[]
2269,3269,55,矮人森林,1,1000001,1,1000001,iconclass.1.lele,邀请好友,增加自己的好友数量,好友数达到<!1@>/18,,,1/invite_friends_num:>=18;,,exp:500;,"[[21,1]]",[]
2270,3270,55,矮人森林,1,1000001,1,1000001,iconclass.1.lele,收钱,在魔法世界中没有钱也是不行的,收钱<!1@>/2500G,1/type:9;id:0;num:2500;,,,,exp:500;,"[[21,1]]",[]
2271,3271,55,矮人森林,1,1000001,1,1000001,iconclass.1.lele,魔法修行,学习包括魔法课程和变化咒在内的任何魔法。提示：打开魔法书的按钮可以找到并且学会这些魔法。,学会魔法<!1@>/32种以上的魔法,,,1/study_magic_num:>=32;,,exp:850;,"[[21,1]]",[]
2272,3272,56,矮人森林,1,1000001,1,1000001,iconclass.1.lele,成长之路,提升自己的人物等级,人物等级达到<!1@>/57级,,,1/level:>=57;,,exp:1500;,"[[21,1]]",[]
2273,3273,56,矮人森林,1,1000001,1,1000001,iconclass.1.lele,解救学生,解救被魔法吞噬的学生,解救学生<!1@>/15次,1/type:4;id:0;num:15;,,,,exp:240;,"[[21,1]]",[]
2274,3274,56,矮人森林,1,1000001,1,1000001,iconclass.1.lele,收钱,在魔法世界中没有钱也是不行的,收钱<!1@>/2500G,1/type:9;id:0;num:2500;,,,,exp:500;,"[[21,1]]",[]
2275,3275,56,矮人森林,1,1000001,1,1000001,iconclass.1.lele,传授魔法,点击学生传授魔法,传授学生<!1@>/34次魔法,1/type:3;id:0;num:34;,0,0,0,exp:1150;,"[[21,1]]",[]
2276,3276,56,矮人森林,1,1000001,1,1000001,iconclass.1.lele,解救学生,解救被魔法吞噬的学生,解救学生<!1@>/15次,1/type:4;id:0;num:15;,,,,exp:240;,"[[21,1]]",[]
2277,3277,56,矮人森林,1,1000001,1,1000001,iconclass.1.lele,使用变化咒,变化自己或者好友,使用2次变化咒<!1@>/10,1/type:11;id:0;num:10;,,,,exp:360;,"[[21,1]]",[]
2278,3278,56,矮人森林,1,1000001,1,1000001,iconclass.1.lele,使用变化咒,变化自己或者好友,使用2次变化咒<!1@>/10,1/type:11;id:0;num:10;,,,,exp:500;,"[[21,1]]",[]
2279,3279,56,矮人森林,1,1000001,1,1000001,iconclass.1.lele,收集材料,提示：你可以通过变化咒来获得材料,<!1@>/30个白水晶,,1/type:2;id:8315;num:30;,,1/cat:1;id:8315;num:30;,exp:875;,"[[21,1]]",[]
2280,3280,56,矮人森林,1,1000001,1,1000001,iconclass.1.lele,合成术,使用合成术合成1个花相框,合成1个花相框<!1@>/1,1/type:1;id:197021;num:1;,,,,exp:850;,"[[21,1]]",[]
2281,3281,57,矮人森林,1,1000001,1,1000001,iconclass.1.lele,合成术,使用合成术合成1个原木挂钟,合成一个原木挂钟<!1@>/1,1/type:1;id:197029;num:1;,,,,exp:850;,"[[21,1]]",[]
2282,3282,57,矮人森林,1,1000001,1,1000001,iconclass.1.lele,邀请好友,增加自己的好友数量,好友数达到<!1@>/19,,,1/invite_friends_num:>=19;,,exp:500;,"[[21,1]]",[]
2283,3283,57,矮人森林,1,1000001,1,1000001,iconclass.1.lele,解救学生,解救被魔法吞噬的学生,解救学生<!1@>/15次,1/type:4;id:0;num:15;,,,,exp:240;,"[[21,1]]",[]
2284,3284,57,矮人森林,1,1000001,1,1000001,iconclass.1.lele,魔法修行,学习包括魔法课程和变化咒在内的任何魔法。提示：打开魔法书的按钮可以找到并且学会这些魔法。,学会魔法<!1@>/33种以上的魔法,,,1/study_magic_num:>=33;,,exp:850;,"[[21,1]]",[]
2285,3285,57,矮人森林,1,1000001,1,1000001,iconclass.1.lele,成长之路,提升自己的人物等级,人物等级达到<!1@>/58级,,,1/level:>=58;,,exp:1500;,"[[21,1]]",[]
2286,3286,57,矮人森林,1,1000001,1,1000001,iconclass.1.lele,解救学生,解救被魔法吞噬的学生,解救学生<!1@>/15次,1/type:4;id:0;num:15;,,,,exp:240;,"[[21,1]]",[]
2287,3287,57,矮人森林,1,1000001,1,1000001,iconclass.1.lele,收钱,在魔法世界中没有钱也是不行的,收钱<!1@>/2500G,1/type:9;id:0;num:2500;,,,,exp:500;,"[[21,1]]",[]
2288,3288,57,矮人森林,1,1000001,1,1000001,iconclass.1.lele,魔法修行,学习包括魔法课程和变化咒在内的任何魔法。提示：打开魔法书的按钮可以找到并且学会这些魔法。,学会魔法<!1@>/34种以上的魔法,,,1/study_magic_num:>=34;,,exp:850;,"[[21,1]]",[]
2289,3289,57,矮人森林,1,1000001,1,1000001,iconclass.1.lele,收集材料,提示：你可以通过变化咒来获得材料,<!1@>/5个紫水晶,,1/type:2;id:8316;num:5;,,1/cat:1;id:8316;num:5;,exp:875;,"[[21,1]]",[]
2290,3290,58,矮人森林,1,1000001,1,1000001,iconclass.1.lele,成长之路,提升自己的人物等级,人物等级达到<!1@>/59级,,,1/level:>=59;,,exp:1500;,"[[21,1]]",[]
2291,3291,58,矮人森林,1,1000001,1,1000001,iconclass.1.lele,传授魔法,点击学生传授魔法,传授学生<!1@>/35次魔法,1/type:3;id:0;num:35;,0,0,0,exp:1150;,"[[21,1]]",[]
2292,3292,58,矮人森林,1,1000001,1,1000001,iconclass.1.lele,解救学生,解救被魔法吞噬的学生,解救学生<!1@>/15次,1/type:4;id:0;num:15;,,,,exp:240;,"[[21,1]]",[]
2293,3293,58,矮人森林,1,1000001,1,1000001,iconclass.1.lele,使用变化咒,变化自己或者好友,使用2次变化咒<!1@>/10,1/type:11;id:0;num:10;,,,,exp:500;,"[[21,1]]",[]
2294,3294,58,矮人森林,1,1000001,1,1000001,iconclass.1.lele,使用变化咒,变化自己或者好友,使用2次变化咒<!1@>/10,1/type:11;id:0;num:10;,,,,exp:500;,"[[21,1]]",[]
2295,3295,58,矮人森林,1,1000001,1,1000001,iconclass.1.lele,收集材料,提示：你可以通过变化咒来获得材料,<!1@>/10个紫水晶,,1/type:2;id:8316;num:10;,,1/cat:1;id:8316;num:10;,exp:875;,"[[21,1]]",[]
2296,3296,58,矮人森林,1,1000001,1,1000001,iconclass.1.lele,合成术,使用合成术合成1个兔子灯,合成1个兔子灯<!1@>/1,1/type:1;id:197030;num:1;,,,,exp:850;,"[[21,1]]",[]
2297,3297,58,矮人森林,1,1000001,1,1000001,iconclass.1.lele,合成术,使用合成术合成1个水图腾窗,合成1个水图腾窗<!1@>/1,1/type:1;id:197031;num:1;,,,,exp:850;,"[[21,1]]",[]
2298,3298,58,矮人森林,1,1000001,1,1000001,iconclass.1.lele,邀请好友,增加自己的好友数量,好友数达到<!1@>/20,,,1/invite_friends_num:>=20;,,exp:500;,"[[21,1]]",[]
2299,3299,59,矮人森林,1,1000001,1,1000001,iconclass.1.lele,解救学生,解救被魔法吞噬的学生,解救学生<!1@>/15次,1/type:4;id:0;num:15;,,,,exp:240;,"[[21,1]]",[]
2300,3300,59,矮人森林,1,1000001,1,1000001,iconclass.1.lele,魔法修行,学习包括魔法课程和变化咒在内的任何魔法。提示：打开魔法书的按钮可以找到并且学会这些魔法。,学会魔法<!1@>/35种以上的魔法,,,1/study_magic_num:>=35;,,exp:850;,"[[21,1]]",[]
2301,3301,59,矮人森林,1,1000001,1,1000001,iconclass.1.lele,成长之路,提升自己的人物等级,人物等级达到<!1@>/60级,,,1/level:>=60;,,exp:1500;,"[[21,1]]",[]
2302,3302,59,矮人森林,1,1000001,1,1000001,iconclass.1.lele,解救学生,解救被魔法吞噬的学生,解救学生<!1@>/15次,1/type:4;id:0;num:15;,,,,exp:240;,"[[21,1]]",[]
2303,3303,59,矮人森林,1,1000001,1,1000001,iconclass.1.lele,收钱,在魔法世界中没有钱也是不行的,收钱<!1@>/2500G,1/type:9;id:0;num:2500;,,,,exp:500;,"[[21,1]]",[]
2304,3304,59,矮人森林,1,1000001,1,1000001,iconclass.1.lele,魔法修行,学习包括魔法课程和变化咒在内的任何魔法。提示：打开魔法书的按钮可以找到并且学会这些魔法。,学会魔法<!1@>/36种以上的魔法,,,1/study_magic_num:>=36;,,exp:850;,"[[21,1]]",[]
2305,3305,59,矮人森林,1,1000001,1,1000001,iconclass.1.lele,收集材料,提示：你可以通过变化咒来获得材料,<!1@>/15个紫水晶,,1/type:2;id:8316;num:15;,,1/cat:1;id:8316;num:15;,exp:875;,"[[21,1]]",[]
2306,3306,60,矮人森林,1,1000001,1,1000001,iconclass.1.lele,成长之路,提升自己的人物等级,人物等级达到<!1@>/61级,,,1/level:>=61;,,exp:1800;,"[[21,1]]",[]
2307,3307,59,矮人森林,1,1000001,1,1000001,iconclass.1.lele,传授魔法,点击学生传授魔法,传授学生<!1@>/36次魔法,1/type:3;id:0;num:36;,0,0,0,exp:1150;,"[[21,1]]",[]
2308,3308,60,矮人森林,1,1000001,1,1000001,iconclass.1.lele,解救学生,解救被魔法吞噬的学生,解救学生<!1@>/15次,1/type:4;id:0;num:15;,,,,exp:240;,"[[21,1]]",[]
2309,3309,60,矮人森林,1,1000001,1,1000001,iconclass.1.lele,使用变化咒,变化自己或者好友,使用2次变化咒<!1@>/10,1/type:11;id:0;num:10;,,,,exp:500;,"[[21,1]]",[]
2310,3310,60,矮人森林,1,1000001,1,1000001,iconclass.1.lele,收集材料,提示：你可以通过变化咒来获得材料,<!1@>/20个紫水晶,,1/type:2;id:8316;num:20;,,1/cat:1;id:8316;num:20;,exp:875;,"[[21,1]]",[]
2311,3311,60,矮人森林,1,1000001,1,1000001,iconclass.1.lele,传授魔法,点击学生传授魔法,传授学生<!1@>/37次魔法,1/type:3;id:0;num:37;,0,0,0,exp:1150;,"[[21,1]]",[]
2312,3312,60,矮人森林,1,1000001,1,1000001,iconclass.1.lele,合成术,使用合成术合成1个云图腾窗,合成1个云图腾窗<!1@>/1,1/type:1;id:197033;num:1;,,,,exp:850;,"[[21,1]]",[]
2313,3313,60,矮人森林,1,1000001,1,1000001,iconclass.1.lele,邀请好友,增加自己的好友数量,好友数达到<!1@>/21,,,1/invite_friends_num:>=21;,,exp:500;,"[[21,1]]",[]
2314,3314,60,矮人森林,1,1000001,1,1000001,iconclass.1.lele,收钱,在魔法世界中没有钱也是不行的,收钱<!1@>/3000G,1/type:9;id:0;num:3000;,,,,exp:700;,"[[21,1]]",[]
2315,3315,60,矮人森林,1,1000001,1,1000001,iconclass.1.lele,魔法修行,学习包括魔法课程和变化咒在内的任何魔法。提示：打开魔法书的按钮可以找到并且学会这些魔法。,学会魔法<!1@>/37种以上的魔法,,,1/study_magic_num:>=37;,,exp:1000;,"[[21,1]]",[]
2316,3316,61,矮人森林,1,1000001,1,1000001,iconclass.1.lele,成长之路,提升自己的人物等级,人物等级达到<!1@>/62级,,,1/level:>=62;,,exp:1800;,"[[21,1]]",[]
2317,3317,61,矮人森林,1,1000001,1,1000001,iconclass.1.lele,解救学生,解救被魔法吞噬的学生,解救学生<!1@>/15次,1/type:4;id:0;num:15;,,,,exp:240;,"[[21,1]]",[]
2318,3318,61,矮人森林,1,1000001,1,1000001,iconclass.1.lele,收钱,在魔法世界中没有钱也是不行的,收钱<!1@>/3000G,1/type:9;id:0;num:3000;,,,,exp:700;,"[[21,1]]",[]
2319,3319,61,矮人森林,1,1000001,1,1000001,iconclass.1.lele,传授魔法,点击学生传授魔法,传授学生<!1@>/38次魔法,1/type:3;id:0;num:38;,0,0,0,exp:1450;,"[[21,1]]",[]
2320,3320,61,矮人森林,1,1000001,1,1000001,iconclass.1.lele,解救学生,解救被魔法吞噬的学生,解救学生<!1@>/15次,1/type:4;id:0;num:15;,,,,exp:240;,"[[21,1]]",[]
2321,3321,61,矮人森林,1,1000001,1,1000001,iconclass.1.lele,使用变化咒,变化自己或者好友,使用2次变化咒<!1@>/10,1/type:11;id:0;num:10;,,,,exp:500;,"[[21,1]]",[]
2322,3322,61,矮人森林,1,1000001,1,1000001,iconclass.1.lele,使用变化咒,变化自己或者好友,使用2次变化咒<!1@>/10,1/type:11;id:0;num:10;,,,,exp:500;,"[[21,1]]",[]
2323,3323,61,矮人森林,1,1000001,1,1000001,iconclass.1.lele,收集材料,提示：你可以通过变化咒来获得材料,<!1@>/25个紫水晶,,1/type:2;id:8316;num:25;,,1/cat:1;id:8316;num:25;,exp:1100;,"[[21,1]]",[]
2324,3324,61,矮人森林,1,1000001,1,1000001,iconclass.1.lele,合成术,使用合成术合成1个蓝色方桌,合成1个蓝色方桌<!1@>/1,1/type:1;id:191004;num:1;,,,,exp:850;,"[[21,1]]",[]
2325,3325,61,矮人森林,1,1000001,1,1000001,iconclass.1.lele,合成术,使用合成术合成1个玻璃门,合成1个玻璃门<!1@>/1,1/type:1;id:192004;num:1;,,,,exp:850;,"[[21,1]]",[]
2326,3326,61,矮人森林,1,1000001,1,1000001,iconclass.1.lele,邀请好友,增加自己的好友数量,好友数达到<!1@>/22,,,1/invite_friends_num:>=22;,,exp:500;,"[[21,1]]",[]
2327,3327,62,矮人森林,1,1000001,1,1000001,iconclass.1.lele,解救学生,解救被魔法吞噬的学生,解救学生<!1@>/15次,1/type:4;id:0;num:15;,,,,exp:240;,"[[21,1]]",[]
2328,3328,62,矮人森林,1,1000001,1,1000001,iconclass.1.lele,魔法修行,学习包括魔法课程和变化咒在内的任何魔法。提示：打开魔法书的按钮可以找到并且学会这些魔法。,学会魔法<!1@>/38种以上的魔法,,,1/study_magic_num:>=38;,,exp:1000;,"[[21,1]]",[]
2329,3329,62,矮人森林,1,1000001,1,1000001,iconclass.1.lele,成长之路,提升自己的人物等级,人物等级达到<!1@>/63级,,,1/level:>=63;,,exp:1800;,"[[21,1]]",[]
2330,3330,62,矮人森林,1,1000001,1,1000001,iconclass.1.lele,解救学生,解救被魔法吞噬的学生,解救学生<!1@>/15次,1/type:4;id:0;num:15;,,,,exp:240;,"[[21,1]]",[]
2331,3331,62,矮人森林,1,1000001,1,1000001,iconclass.1.lele,收钱,在魔法世界中没有钱也是不行的,收钱<!1@>/3000G,1/type:9;id:0;num:3000;,,,,exp:700;,"[[21,1]]",[]
2332,3332,62,矮人森林,1,1000001,1,1000001,iconclass.1.lele,魔法修行,学习包括魔法课程和变化咒在内的任何魔法。提示：打开魔法书的按钮可以找到并且学会这些魔法。,学会魔法<!1@>/38种以上的魔法,,,1/study_magic_num:>=38;,,exp:1000;,"[[21,1]]",[]
2333,3333,62,矮人森林,1,1000001,1,1000001,iconclass.1.lele,收集材料,提示：你可以通过变化咒来获得材料,<!1@>/30个紫水晶,,1/type:2;id:8316;num:30;,,1/cat:1;id:8316;num:30;,exp:1100;,"[[21,1]]",[]
2334,3334,63,矮人森林,1,1000001,1,1000001,iconclass.1.lele,成长之路,提升自己的人物等级,人物等级达到<!1@>/64级,,,1/level:>=64;,,exp:1800;,"[[21,1]]",[]
2335,3335,62,矮人森林,1,1000001,1,1000001,iconclass.1.lele,传授魔法,点击学生传授魔法,传授学生<!1@>/39次魔法,1/type:3;id:0;num:39;,0,0,0,exp:1450;,"[[21,1]]",[]
2336,3336,62,矮人森林,1,1000001,1,1000001,iconclass.1.lele,解救学生,解救被魔法吞噬的学生,解救学生<!1@>/15次,1/type:4;id:0;num:15;,,,,exp:240;,"[[21,1]]",[]
2337,3337,62,矮人森林,1,1000001,1,1000001,iconclass.1.lele,使用变化咒,变化自己或者好友,使用2次变化咒<!1@>/10,1/type:11;id:0;num:10;,,,,exp:500;,"[[21,1]]",[]
2338,3338,63,矮人森林,1,1000001,1,1000001,iconclass.1.lele,收集材料,提示：你可以通过变化咒来获得材料,<!1@>/5个黑水晶,,1/type:2;id:8317;num:5;,,1/cat:1;id:8317;num:5;,exp:1100;,"[[21,1]]",[]
2339,3339,63,矮人森林,1,1000001,1,1000001,iconclass.1.lele,传授魔法,点击学生传授魔法,传授学生<!1@>/40次魔法,1/type:3;id:0;num:40;,0,0,0,exp:1450;,"[[21,1]]",[]
2340,3340,63,矮人森林,1,1000001,1,1000001,iconclass.1.lele,合成术,使用合成术合成10个花斑石砖,合成合成10个花斑石砖<!1@>/10,1/type:1;id:195002;num:10;,,,,exp:850;,"[[21,1]]",[]
2341,3341,63,矮人森林,1,1000001,1,1000001,iconclass.1.lele,邀请好友,增加自己的好友数量,好友数达到<!1@>/23,,,1/invite_friends_num:>=23;,,exp:700;,"[[21,1]]",[]
2342,3342,63,矮人森林,1,1000001,1,1000001,iconclass.1.lele,收钱,在魔法世界中没有钱也是不行的,收钱<!1@>/3000G,1/type:9;id:0;num:3000;,,,,exp:700;,"[[21,1]]",[]
2343,3343,63,矮人森林,1,1000001,1,1000001,iconclass.1.lele,魔法修行,学习包括魔法课程和变化咒在内的任何魔法。提示：打开魔法书的按钮可以找到并且学会这些魔法。,学会魔法<!1@>/38种以上的魔法,,,1/study_magic_num:>=38;,,exp:1000;,"[[21,1]]",[]
2344,3344,64,矮人森林,1,1000001,1,1000001,iconclass.1.lele,成长之路,提升自己的人物等级,人物等级达到<!1@>/65级,,,1/level:>=65;,,exp:1800;,"[[21,1]]",[]
2345,3345,63,矮人森林,1,1000001,1,1000001,iconclass.1.lele,解救学生,解救被魔法吞噬的学生,解救学生<!1@>/15次,1/type:4;id:0;num:15;,,,,exp:240;,"[[21,1]]",[]
2346,3346,63,矮人森林,1,1000001,1,1000001,iconclass.1.lele,收钱,在魔法世界中没有钱也是不行的,收钱<!1@>/3000G,1/type:9;id:0;num:3000;,,,,exp:700;,"[[21,1]]",[]
2347,3347,63,矮人森林,1,1000001,1,1000001,iconclass.1.lele,魔法修行,学习包括魔法课程和变化咒在内的任何魔法。提示：打开魔法书的按钮可以找到并且学会这些魔法。,学会魔法<!1@>/38种以上的魔法,,,1/study_magic_num:>=38;,,exp:1000;,"[[21,1]]",[]
2348,3348,63,矮人森林,1,1000001,1,1000001,iconclass.1.lele,收集材料,提示：你可以通过变化咒来获得材料,<!1@>/10个黑水晶,,1/type:2;id:8317;num:10;,,1/cat:1;id:8317;num:10;,exp:1100;,"[[21,1]]",[]
2349,3349,65,矮人森林,1,1000001,1,1000001,iconclass.1.lele,成长之路,提升自己的人物等级,人物等级达到<!1@>/66级,,,1/level:>=66;,,exp:1800;,"[[21,1]]",[]
2350,3350,64,矮人森林,1,1000001,1,1000001,iconclass.1.lele,传授魔法,点击学生传授魔法,传授学生<!1@>/45次魔法,1/type:3;id:0;num:45;,0,0,0,exp:1450;,"[[21,1]]",[]
2351,3351,64,矮人森林,1,1000001,1,1000001,iconclass.1.lele,解救学生,解救被魔法吞噬的学生,解救学生<!1@>/15次,1/type:4;id:0;num:15;,,,,exp:240;,"[[21,1]]",[]
2352,3352,64,矮人森林,1,1000001,1,1000001,iconclass.1.lele,使用变化咒,变化自己或者好友,使用2次变化咒<!1@>/10,1/type:11;id:0;num:10;,,,,exp:500;,"[[21,1]]",[]
2353,3353,64,矮人森林,1,1000001,1,1000001,iconclass.1.lele,传授魔法,点击学生传授魔法,传授学生<!1@>/46次魔法,1/type:3;id:0;num:46;,0,0,0,exp:1450;,"[[21,1]]",[]
2354,3354,64,矮人森林,1,1000001,1,1000001,iconclass.1.lele,解救学生,解救被魔法吞噬的学生,解救学生<!1@>/15次,1/type:4;id:0;num:15;,,,,exp:240;,"[[21,1]]",[]
2355,3355,64,矮人森林,1,1000001,1,1000001,iconclass.1.lele,使用变化咒,变化自己或者好友,使用2次变化咒<!1@>/10,1/type:11;id:0;num:10;,,,,exp:500;,"[[21,1]]",[]
2356,3356,64,矮人森林,1,1000001,1,1000001,iconclass.1.lele,使用变化咒,变化自己或者好友,使用2次变化咒<!1@>/10,1/type:11;id:0;num:10;,,,,exp:500;,"[[21,1]]",[]
2357,3357,64,矮人森林,1,1000001,1,1000001,iconclass.1.lele,收集材料,提示：你可以通过变化咒来获得材料,<!1@>/15个黑水晶,,1/type:2;id:8317;num:15;,,1/cat:1;id:8317;num:15;,exp:1100;,"[[21,1]]",[]
2358,3358,64,矮人森林,1,1000001,1,1000001,iconclass.1.lele,合成术,使用合成术合成10个花斑石砖,合成合成10个花斑石砖<!1@>/10,1/type:1;id:195002;num:10;,,,,exp:850;,"[[21,1]]",[]
2359,3359,64,矮人森林,1,1000001,1,1000001,iconclass.1.lele,合成术,使用合成术合成10个花斑石砖,合成合成10个花斑石砖<!1@>/10,1/type:1;id:195002;num:10;,,,,exp:850;,"[[21,1]]",[]
2360,3360,65,矮人森林,1,1000001,1,1000001,iconclass.1.lele,邀请好友,增加自己的好友数量,好友数达到<!1@>/24,,,1/invite_friends_num:>=24;,,exp:700;,"[[21,1]]",[]
2361,3361,65,矮人森林,1,1000001,1,1000001,iconclass.1.lele,解救学生,解救被魔法吞噬的学生,解救学生<!1@>/15次,1/type:4;id:0;num:15;,,,,exp:240;,"[[21,1]]",[]
2362,3362,65,矮人森林,1,1000001,1,1000001,iconclass.1.lele,魔法修行,学习包括魔法课程和变化咒在内的任何魔法。提示：打开魔法书的按钮可以找到并且学会这些魔法。,学会魔法<!1@>/38种以上的魔法,,,1/study_magic_num:>=38;,,exp:1500;,"[[21,1]]",[]
2363,3363,66,矮人森林,1,1000001,1,1000001,iconclass.1.lele,成长之路,提升自己的人物等级,人物等级达到<!1@>/67级,,,1/level:>=67;,,exp:2200;,"[[21,1]]",[]
2364,3364,65,矮人森林,1,1000001,1,1000001,iconclass.1.lele,解救学生,解救被魔法吞噬的学生,解救学生<!1@>/15次,1/type:4;id:0;num:15;,,,,exp:240;,"[[21,1]]",[]
2365,3365,65,矮人森林,1,1000001,1,1000001,iconclass.1.lele,收钱,在魔法世界中没有钱也是不行的,收钱<!1@>/3500G,1/type:9;id:0;num:3500;,,,,exp:875;,"[[21,1]]",[]
2366,3366,65,矮人森林,1,1000001,1,1000001,iconclass.1.lele,魔法修行,学习包括魔法课程和变化咒在内的任何魔法。提示：打开魔法书的按钮可以找到并且学会这些魔法。,学会魔法<!1@>/38种以上的魔法,,,1/study_magic_num:>=38;,,exp:1500;,"[[21,1]]",[]
2367,3367,65,矮人森林,1,1000001,1,1000001,iconclass.1.lele,收集材料,提示：你可以通过变化咒来获得材料,<!1@>/20个黑水晶,,1/type:2;id:8317;num:20;,,1/cat:1;id:8317;num:20;,exp:1100;,"[[21,1]]",[]
2368,3368,67,矮人森林,1,1000001,1,1000001,iconclass.1.lele,成长之路,提升自己的人物等级,人物等级达到<!1@>/68级,,,1/level:>=68;,,exp:2200;,"[[21,1]]",[]
2369,3369,65,矮人森林,1,1000001,1,1000001,iconclass.1.lele,传授魔法,点击学生传授魔法,传授学生<!1@>/47次魔法,1/type:3;id:0;num:47;,0,0,0,exp:1450;,"[[21,1]]",[]
2370,3370,65,矮人森林,1,1000001,1,1000001,iconclass.1.lele,解救学生,解救被魔法吞噬的学生,解救学生<!1@>/15次,1/type:4;id:0;num:15;,,,,exp:240;,"[[21,1]]",[]
2371,3371,67,矮人森林,1,1000001,1,1000001,iconclass.1.lele,使用变化咒,变化自己或者好友,使用2次变化咒<!1@>/10,1/type:11;id:0;num:10;,,,,exp:500;,"[[21,1]]",[]
2372,3372,67,矮人森林,1,1000001,1,1000001,iconclass.1.lele,收集材料,提示：你可以通过变化咒来获得材料,<!1@>/25个黑水晶,,1/type:2;id:8317;num:25;,,1/cat:1;id:8317;num:25;,exp:1500;,"[[21,1]]",[]
2373,3373,67,矮人森林,1,1000001,1,1000001,iconclass.1.lele,传授魔法,点击学生传授魔法,传授学生<!1@>/48次魔法,1/type:3;id:0;num:48;,0,0,0,exp:1800;,"[[21,1]]",[]
2374,3374,67,矮人森林,1,1000001,1,1000001,iconclass.1.lele,合成术,使用合成术合成10个花斑石砖,合成合成10个花斑石砖<!1@>/10,1/type:1;id:195002;num:10;,,,,exp:850;,"[[21,1]]",[]
2375,3375,67,矮人森林,1,1000001,1,1000001,iconclass.1.lele,邀请好友,增加自己的好友数量,好友数达到<!1@>/25,,,1/invite_friends_num:>=25;,,exp:700;,"[[21,1]]",[]
2376,3376,67,矮人森林,1,1000001,1,1000001,iconclass.1.lele,收钱,在魔法世界中没有钱也是不行的,收钱<!1@>/3500G,1/type:9;id:0;num:3500;,,,,exp:875;,"[[21,1]]",[]
2377,3377,67,矮人森林,1,1000001,1,1000001,iconclass.1.lele,魔法修行,学习包括魔法课程和变化咒在内的任何魔法。提示：打开魔法书的按钮可以找到并且学会这些魔法。,学会魔法<!1@>/38种以上的魔法,,,1/study_magic_num:>=38;,,exp:1500;,"[[21,1]]",[]
2378,3378,68,矮人森林,1,1000001,1,1000001,iconclass.1.lele,成长之路,提升自己的人物等级,人物等级达到<!1@>/69级,,,1/level:>=69;,,exp:2200;,"[[21,1]]",[]
2379,3379,67,矮人森林,1,1000001,1,1000001,iconclass.1.lele,解救学生,解救被魔法吞噬的学生,解救学生<!1@>/15次,1/type:4;id:0;num:15;,,,,exp:240;,"[[21,1]]",[]
2380,3380,67,矮人森林,1,1000001,1,1000001,iconclass.1.lele,收钱,在魔法世界中没有钱也是不行的,收钱<!1@>/3500G,1/type:9;id:0;num:3500;,,,,exp:875;,"[[21,1]]",[]
2381,3381,67,矮人森林,1,1000001,1,1000001,iconclass.1.lele,传授魔法,点击学生传授魔法,传授学生<!1@>/49次魔法,1/type:3;id:0;num:49;,0,0,0,exp:1800;,"[[21,1]]",[]
2382,3382,68,矮人森林,1,1000001,1,1000001,iconclass.1.lele,解救学生,解救被魔法吞噬的学生,解救学生<!1@>/15次,1/type:4;id:0;num:15;,,,,exp:240;,"[[21,1]]",[]
2383,3383,68,矮人森林,1,1000001,1,1000001,iconclass.1.lele,使用变化咒,变化自己或者好友,使用2次变化咒<!1@>/10,1/type:11;id:0;num:10;,,,,exp:800;,"[[21,1]]",[]
2384,3384,68,矮人森林,1,1000001,1,1000001,iconclass.1.lele,使用变化咒,变化自己或者好友,使用2次变化咒<!1@>/10,1/type:11;id:0;num:10;,,,,exp:800;,"[[21,1]]",[]
2385,3385,68,矮人森林,1,1000001,1,1000001,iconclass.1.lele,收集材料,提示：你可以通过变化咒来获得材料,<!1@>/30个黑水晶,,1/type:2;id:8317;num:30;,,1/cat:1;id:8317;num:30;,exp:1500;,"[[21,1]]",[]
2386,3386,68,矮人森林,1,1000001,1,1000001,iconclass.1.lele,合成术,使用合成术合成10个花斑石砖,合成合成10个花斑石砖<!1@>/10,1/type:1;id:195002;num:10;,,,,exp:850;,"[[21,1]]",[]
2387,3387,68,矮人森林,1,1000001,1,1000001,iconclass.1.lele,合成术,使用合成术合成10个花斑石砖,合成合成10个花斑石砖<!1@>/10,1/type:1;id:195002;num:10;,,,,exp:850;,"[[21,1]]",[]
2388,3388,68,矮人森林,1,1000001,1,1000001,iconclass.1.lele,邀请好友,增加自己的好友数量,好友数达到<!1@>/26,,,1/invite_friends_num:>=26;,,exp:700;,"[[21,1]]",[]
2389,3389,68,矮人森林,1,1000001,1,1000001,iconclass.1.lele,解救学生,解救被魔法吞噬的学生,解救学生<!1@>/15次,1/type:4;id:0;num:15;,,,,exp:240;,"[[21,1]]",[]
2390,3390,68,矮人森林,1,1000001,1,1000001,iconclass.1.lele,魔法修行,学习包括魔法课程和变化咒在内的任何魔法。提示：打开魔法书的按钮可以找到并且学会这些魔法。,学会魔法<!1@>/38种以上的魔法,,,1/study_magic_num:>=38;,,exp:1500;,"[[21,1]]",[]
2391,3391,69,矮人森林,1,1000001,1,1000001,iconclass.1.lele,成长之路,提升自己的人物等级,人物等级达到<!1@>/70级,,,1/level:>=70;,,exp:2200;,"[[21,1]]",[]
2392,3392,68,矮人森林,1,1000001,1,1000001,iconclass.1.lele,解救学生,解救被魔法吞噬的学生,解救学生<!1@>/15次,1/type:4;id:0;num:15;,,,,exp:240;,"[[21,1]]",[]
2393,3393,68,矮人森林,1,1000001,1,1000001,iconclass.1.lele,收钱,在魔法世界中没有钱也是不行的,收钱<!1@>/3500G,1/type:9;id:0;num:3500;,,,,exp:875;,"[[21,1]]",[]
2394,3394,69,矮人森林,1,1000001,1,1000001,iconclass.1.lele,魔法修行,学习包括魔法课程和变化咒在内的任何魔法。提示：打开魔法书的按钮可以找到并且学会这些魔法。,学会魔法<!1@>/38种以上的魔法,,,1/study_magic_num:>=38;,,exp:1500;,"[[21,1]]",[]
2395,3395,69,矮人森林,1,1000001,1,1000001,iconclass.1.lele,收集材料,提示：你可以通过变化咒来获得材料,<!1@>/5个蓝水晶 ,,1/type:2;id:8318;num:5;,,1/cat:1;id:8318;num:5;,exp:1500;,"[[21,1]]",[]
2396,3396,70,矮人森林,1,1000001,1,1000001,iconclass.1.lele,成长之路,提升自己的人物等级,人物等级达到<!1@>/71级,,,1/level:>=71;,,exp:2200;,"[[21,1]]",[]
2397,3397,69,矮人森林,1,1000001,1,1000001,iconclass.1.lele,传授魔法,点击学生传授魔法,传授学生<!1@>/50次魔法,1/type:3;id:0;num:50;,0,0,0,exp:1800;,"[[21,1]]",[]
2398,3398,69,矮人森林,1,1000001,1,1000001,iconclass.1.lele,解救学生,解救被魔法吞噬的学生,解救学生<!1@>/15次,1/type:4;id:0;num:15;,,,,exp:240;,"[[21,1]]",[]
2399,3399,69,矮人森林,1,1000001,1,1000001,iconclass.1.lele,使用变化咒,变化自己或者好友,使用2次变化咒<!1@>/10,1/type:11;id:0;num:10;,,,,exp:800;,"[[21,1]]",[]
2400,3400,69,矮人森林,1,1000001,1,1000001,iconclass.1.lele,使用变化咒,变化自己或者好友,使用2次变化咒<!1@>/10,1/type:11;id:0;num:10;,,,,exp:800;,"[[21,1]]",[]
2401,3401,69,矮人森林,1,1000001,1,1000001,iconclass.1.lele,收集材料,提示：你可以通过变化咒来获得材料,<!1@>/10个蓝水晶 ,,1/type:2;id:8318;num:10;,,1/cat:1;id:8318;num:10;,exp:1500;,"[[21,1]]",[]
2402,3402,69,矮人森林,1,1000001,1,1000001,iconclass.1.lele,合成术,使用合成术合成10个花斑石砖,合成合成10个花斑石砖<!1@>/10,1/type:1;id:195002;num:10;,,,,exp:850;,"[[21,1]]",[]
2403,3403,69,矮人森林,1,1000001,1,1000001,iconclass.1.lele,合成术,使用合成术合成10个花斑石砖,合成合成10个花斑石砖<!1@>/10,1/type:1;id:195002;num:10;,,,,exp:850;,"[[21,1]]",[]
2404,3404,69,矮人森林,1,1000001,1,1000001,iconclass.1.lele,邀请好友,增加自己的好友数量,好友数达到<!1@>/27,,,1/invite_friends_num:>=27;,,exp:700;,"[[21,1]]",[]
2405,3405,70,矮人森林,1,1000001,1,1000001,iconclass.1.lele,解救学生,解救被魔法吞噬的学生,解救学生<!1@>/15次,1/type:4;id:0;num:15;,,,,exp:240;,"[[21,1]]",[]
2406,3406,70,矮人森林,1,1000001,1,1000001,iconclass.1.lele,魔法修行,学习包括魔法课程和变化咒在内的任何魔法。提示：打开魔法书的按钮可以找到并且学会这些魔法。,学会魔法<!1@>/38种以上的魔法,,,1/study_magic_num:>=38;,,exp:1500;,"[[21,1]]",[]
2407,3407,71,矮人森林,1,1000001,1,1000001,iconclass.1.lele,成长之路,提升自己的人物等级,人物等级达到<!1@>/72级,,,1/level:>=72;,,exp:2700;,"[[21,1]]",[]
2408,3408,70,矮人森林,1,1000001,1,1000001,iconclass.1.lele,解救学生,解救被魔法吞噬的学生,解救学生<!1@>/15次,1/type:4;id:0;num:15;,,,,exp:240;,"[[21,1]]",[]
2409,3409,70,矮人森林,1,1000001,1,1000001,iconclass.1.lele,收钱,在魔法世界中没有钱也是不行的,收钱<!1@>/3500G,1/type:9;id:0;num:3500;,,,,exp:875;,"[[21,1]]",[]
2410,3410,70,矮人森林,1,1000001,1,1000001,iconclass.1.lele,魔法修行,学习包括魔法课程和变化咒在内的任何魔法。提示：打开魔法书的按钮可以找到并且学会这些魔法。,学会魔法<!1@>/38种以上的魔法,,,1/study_magic_num:>=38;,,exp:1500;,"[[21,1]]",[]
2411,3411,70,矮人森林,1,1000001,1,1000001,iconclass.1.lele,收集材料,提示：你可以通过变化咒来获得材料,<!1@>/15个蓝水晶 ,,1/type:2;id:8318;num:15;,,1/cat:1;id:8318;num:15;,exp:1800;,"[[21,1]]",[]
2412,3412,72,矮人森林,1,1000001,1,1000001,iconclass.1.lele,成长之路,提升自己的人物等级,人物等级达到<!1@>/73级,,,1/level:>=73;,,exp:2700;,"[[21,1]]",[]
2413,3413,70,矮人森林,1,1000001,1,1000001,iconclass.1.lele,传授魔法,点击学生传授魔法,传授学生<!1@>/50次魔法,1/type:3;id:0;num:50;,0,0,0,exp:1800;,"[[21,1]]",[]
2414,3414,70,矮人森林,1,1000001,1,1000001,iconclass.1.lele,解救学生,解救被魔法吞噬的学生,解救学生<!1@>/15次,1/type:4;id:0;num:15;,,,,exp:240;,"[[21,1]]",[]
2415,3415,70,矮人森林,1,1000001,1,1000001,iconclass.1.lele,使用变化咒,变化自己或者好友,使用2次变化咒<!1@>/10,1/type:11;id:0;num:10;,,,,exp:800;,"[[21,1]]",[]
2416,3416,71,矮人森林,1,1000001,1,1000001,iconclass.1.lele,收集材料,提示：你可以通过变化咒来获得材料,<!1@>/20个蓝水晶 ,,1/type:2;id:8318;num:20;,,1/cat:1;id:8318;num:20;,exp:1800;,"[[21,1]]",[]
2417,3417,71,矮人森林,1,1000001,1,1000001,iconclass.1.lele,传授魔法,点击学生传授魔法,传授学生<!1@>/50次魔法,1/type:3;id:0;num:50;,0,0,0,exp:2200;,"[[21,1]]",[]
2418,3418,71,矮人森林,1,1000001,1,1000001,iconclass.1.lele,合成术,使用合成术合成10个花斑石砖,合成合成10个花斑石砖<!1@>/10,1/type:1;id:195002;num:10;,,,,exp:850;,"[[21,1]]",[]
2419,3419,71,矮人森林,1,1000001,1,1000001,iconclass.1.lele,邀请好友,增加自己的好友数量,好友数达到<!1@>/28,,,1/invite_friends_num:>=28;,,exp:875;,"[[21,1]]",[]
2420,3420,71,矮人森林,1,1000001,1,1000001,iconclass.1.lele,收钱,在魔法世界中没有钱也是不行的,收钱<!1@>/4000G,1/type:9;id:0;num:4000;,,,,exp:1100;,"[[21,1]]",[]
2421,3421,71,矮人森林,1,1000001,1,1000001,iconclass.1.lele,魔法修行,学习包括魔法课程和变化咒在内的任何魔法。提示：打开魔法书的按钮可以找到并且学会这些魔法。,学会魔法<!1@>/38种以上的魔法,,,1/study_magic_num:>=38;,,exp:1500;,"[[21,1]]",[]
2422,3422,73,矮人森林,1,1000001,1,1000001,iconclass.1.lele,成长之路,提升自己的人物等级,人物等级达到<!1@>/74级,,,1/level:>=74;,,exp:2700;,"[[21,1]]",[]
2423,3423,71,矮人森林,1,1000001,1,1000001,iconclass.1.lele,解救学生,解救被魔法吞噬的学生,解救学生<!1@>/15次,1/type:4;id:0;num:15;,,,,exp:240;,"[[21,1]]",[]
2424,3424,71,矮人森林,1,1000001,1,1000001,iconclass.1.lele,收钱,在魔法世界中没有钱也是不行的,收钱<!1@>/4000G,1/type:9;id:0;num:4000;,,,,exp:1100;,"[[21,1]]",[]
2425,3425,71,矮人森林,1,1000001,1,1000001,iconclass.1.lele,传授魔法,点击学生传授魔法,传授学生<!1@>/50次魔法,1/type:3;id:0;num:50;,0,0,0,exp:2200;,"[[21,1]]",[]
2426,3426,71,矮人森林,1,1000001,1,1000001,iconclass.1.lele,解救学生,解救被魔法吞噬的学生,解救学生<!1@>/15次,1/type:4;id:0;num:15;,,,,exp:240;,"[[21,1]]",[]
2427,3427,71,矮人森林,1,1000001,1,1000001,iconclass.1.lele,使用变化咒,变化自己或者好友,使用2次变化咒<!1@>/10,1/type:11;id:0;num:10;,,,,exp:800;,"[[21,1]]",[]
2428,3428,72,矮人森林,1,1000001,1,1000001,iconclass.1.lele,使用变化咒,变化自己或者好友,使用2次变化咒<!1@>/10,1/type:11;id:0;num:10;,,,,exp:800;,"[[21,1]]",[]
2429,3429,72,矮人森林,1,1000001,1,1000001,iconclass.1.lele,收集材料,提示：你可以通过变化咒来获得材料,<!1@>/25个蓝水晶 ,,1/type:2;id:8318;num:25;,,1/cat:1;id:8318;num:25;,exp:1800;,"[[21,1]]",[]
2430,3430,72,矮人森林,1,1000001,1,1000001,iconclass.1.lele,合成术,使用合成术合成10个花斑石砖,合成合成10个花斑石砖<!1@>/10,1/type:1;id:195002;num:10;,,,,exp:850;,"[[21,1]]",[]
2431,3431,72,矮人森林,1,1000001,1,1000001,iconclass.1.lele,合成术,使用合成术合成10个花斑石砖,合成合成10个花斑石砖<!1@>/10,1/type:1;id:195002;num:10;,,,,exp:850;,"[[21,1]]",[]
2432,3432,72,矮人森林,1,1000001,1,1000001,iconclass.1.lele,邀请好友,增加自己的好友数量,好友数达到<!1@>/29,,,1/invite_friends_num:>=29;,,exp:875;,"[[21,1]]",[]
2433,3433,72,矮人森林,1,1000001,1,1000001,iconclass.1.lele,解救学生,解救被魔法吞噬的学生,解救学生<!1@>/15次,1/type:4;id:0;num:15;,,,,exp:240;,"[[21,1]]",[]
2434,3434,72,矮人森林,1,1000001,1,1000001,iconclass.1.lele,魔法修行,学习包括魔法课程和变化咒在内的任何魔法。提示：打开魔法书的按钮可以找到并且学会这些魔法。,学会魔法<!1@>/38种以上的魔法,,,1/study_magic_num:>=38;,,exp:1500;,"[[21,1]]",[]
2435,3435,74,矮人森林,1,1000001,1,1000001,iconclass.1.lele,成长之路,提升自己的人物等级,人物等级达到<!1@>/75级,,,1/level:>=75;,,exp:2700;,"[[21,1]]",[]
2436,3436,72,矮人森林,1,1000001,1,1000001,iconclass.1.lele,解救学生,解救被魔法吞噬的学生,解救学生<!1@>/15次,1/type:4;id:0;num:15;,,,,exp:240;,"[[21,1]]",[]
2437,3437,72,矮人森林,1,1000001,1,1000001,iconclass.1.lele,收钱,在魔法世界中没有钱也是不行的,收钱<!1@>/4000G,1/type:9;id:0;num:4000;,,,,exp:1100;,"[[21,1]]",[]
2438,3438,72,矮人森林,1,1000001,1,1000001,iconclass.1.lele,魔法修行,学习包括魔法课程和变化咒在内的任何魔法。提示：打开魔法书的按钮可以找到并且学会这些魔法。,学会魔法<!1@>/38种以上的魔法,,,1/study_magic_num:>=38;,,exp:1500;,"[[21,1]]",[]
2439,3439,72,矮人森林,1,1000001,1,1000001,iconclass.1.lele,收集材料,提示：你可以通过变化咒来获得材料,<!1@>/30个蓝水晶 ,,1/type:2;id:8318;num:30;,,1/cat:1;id:8318;num:30;,exp:1800;,"[[21,1]]",[]
2440,3440,75,矮人森林,1,1000001,1,1000001,iconclass.1.lele,合成术,使用合成术合成10个花斑石砖,合成合成10个花斑石砖<!1@>/10,1/type:1;id:195002;num:10;,,,,exp:850;,"[[21,1]]",[]
2441,3441,73,矮人森林,1,1000001,1,1000001,iconclass.1.lele,传授魔法,点击学生传授魔法,传授学生<!1@>/50次魔法,1/type:3;id:0;num:50;,0,0,0,exp:2200;,"[[21,1]]",[]
2442,3442,73,矮人森林,1,1000001,1,1000001,iconclass.1.lele,解救学生,解救被魔法吞噬的学生,解救学生<!1@>/15次,1/type:4;id:0;num:15;,,,,exp:240;,"[[21,1]]",[]
2443,3443,73,矮人森林,1,1000001,1,1000001,iconclass.1.lele,使用变化咒,变化自己或者好友,使用2次变化咒<!1@>/10,1/type:11;id:0;num:10;,,,,exp:800;,"[[21,1]]",[]
2444,3444,73,矮人森林,1,1000001,1,1000001,iconclass.1.lele,收集材料,提示：你可以通过变化咒来获得材料,<!1@>/35个蓝水晶 ,,1/type:2;id:8318;num:35;,,1/cat:1;id:8318;num:35;,exp:1800;,"[[21,1]]",[]
2445,3445,73,矮人森林,1,1000001,1,1000001,iconclass.1.lele,传授魔法,点击学生传授魔法,传授学生<!1@>/50次魔法,1/type:3;id:0;num:50;,0,0,0,exp:2200;,"[[21,1]]",[]
2446,3446,73,矮人森林,1,1000001,1,1000001,iconclass.1.lele,合成术,使用合成术合成10个花斑石砖,合成合成10个花斑石砖<!1@>/10,1/type:1;id:195002;num:10;,,,,exp:850;,"[[21,1]]",[]
2447,3447,73,矮人森林,1,1000001,1,1000001,iconclass.1.lele,邀请好友,增加自己的好友数量,好友数达到<!1@>/30,,,1/invite_friends_num:>=30;,,exp:875;,"[[21,1]]",[]
2448,3448,73,矮人森林,1,1000001,1,1000001,iconclass.1.lele,收钱,在魔法世界中没有钱也是不行的,收钱<!1@>/4000G,1/type:9;id:0;num:4000;,,,,exp:1100;,"[[21,1]]",[]
2449,3449,73,矮人森林,1,1000001,1,1000001,iconclass.1.lele,魔法修行,学习包括魔法课程和变化咒在内的任何魔法。提示：打开魔法书的按钮可以找到并且学会这些魔法。,学会魔法<!1@>/38种以上的魔法,,,1/study_magic_num:>=38;,,exp:1500;,"[[21,1]]",[]
2450,3450,73,矮人森林,1,1000001,1,1000001,iconclass.1.lele,合成术,使用合成术合成10个花斑石砖,合成合成10个花斑石砖<!1@>/10,1/type:1;id:195002;num:10;,,,,exp:850;,"[[21,1]]",[]
2451,3451,73,矮人森林,1,1000001,1,1000001,iconclass.1.lele,解救学生,解救被魔法吞噬的学生,解救学生<!1@>/15次,1/type:4;id:0;num:15;,,,,exp:240;,"[[21,1]]",[]
2452,3452,73,矮人森林,1,1000001,1,1000001,iconclass.1.lele,收钱,在魔法世界中没有钱也是不行的,收钱<!1@>/4000G,1/type:9;id:0;num:4000;,,,,exp:1100;,"[[21,1]]",[]
2453,3453,74,矮人森林,1,1000001,1,1000001,iconclass.1.lele,魔法修行,学习包括魔法课程和变化咒在内的任何魔法。提示：打开魔法书的按钮可以找到并且学会这些魔法。,学会魔法<!1@>/38种以上的魔法,,,1/study_magic_num:>=38;,,exp:1500;,"[[21,1]]",[]
2454,3454,74,矮人森林,1,1000001,1,1000001,iconclass.1.lele,收集材料,提示：你可以通过变化咒来获得材料,<!1@>/40个蓝水晶 ,,1/type:2;id:8318;num:40;,,1/cat:1;id:8318;num:40;,exp:1800;,"[[21,1]]",[]
2455,3455,74,矮人森林,1,1000001,1,1000001,iconclass.1.lele,合成术,使用合成术合成10个花斑石砖,合成合成10个花斑石砖<!1@>/10,1/type:1;id:195002;num:10;,,,,exp:850;,"[[21,1]]",[]
2456,3456,74,矮人森林,1,1000001,1,1000001,iconclass.1.lele,传授魔法,点击学生传授魔法,传授学生<!1@>/50次魔法,1/type:3;id:0;num:50;,0,0,0,exp:2200;,"[[21,1]]",[]
2457,3457,74,矮人森林,1,1000001,1,1000001,iconclass.1.lele,解救学生,解救被魔法吞噬的学生,解救学生<!1@>/15次,1/type:4;id:0;num:15;,,,,exp:240;,"[[21,1]]",[]
2458,3458,74,矮人森林,1,1000001,1,1000001,iconclass.1.lele,使用变化咒,变化自己或者好友,使用2次变化咒<!1@>/10,1/type:11;id:0;num:10;,,,,exp:800;,"[[21,1]]",[]
2459,3459,74,矮人森林,1,1000001,1,1000001,iconclass.1.lele,传授魔法,点击学生传授魔法,传授学生<!1@>/50次魔法,1/type:3;id:0;num:50;,0,0,0,exp:2200;,"[[21,1]]",[]
2460,3460,74,矮人森林,1,1000001,1,1000001,iconclass.1.lele,解救学生,解救被魔法吞噬的学生,解救学生<!1@>/15次,1/type:4;id:0;num:15;,,,,exp:240;,"[[21,1]]",[]
2461,3461,74,矮人森林,1,1000001,1,1000001,iconclass.1.lele,使用变化咒,变化自己或者好友,使用2次变化咒<!1@>/10,1/type:11;id:0;num:10;,,,,exp:800;,"[[21,1]]",[]
2462,3462,74,矮人森林,1,1000001,1,1000001,iconclass.1.lele,使用变化咒,变化自己或者好友,使用2次变化咒<!1@>/10,1/type:11;id:0;num:10;,,,,exp:800;,"[[21,1]]",[]
2463,3463,74,矮人森林,1,1000001,1,1000001,iconclass.1.lele,收集材料,提示：你可以通过变化咒来获得材料,<!1@>/45个蓝水晶 ,,1/type:2;id:8318;num:45;,,1/cat:1;id:8318;num:45;,exp:1800;,"[[21,1]]",[]
2464,3464,74,矮人森林,1,1000001,1,1000001,iconclass.1.lele,合成术,使用合成术合成10个花斑石砖,合成合成10个花斑石砖<!1@>/10,1/type:1;id:195002;num:10;,,,,exp:850;,"[[21,1]]",[]
2465,3465,74,矮人森林,1,1000001,1,1000001,iconclass.1.lele,合成术,使用合成术合成10个花斑石砖,合成合成10个花斑石砖<!1@>/10,1/type:1;id:195002;num:10;,,,,exp:850;,"[[21,1]]",[]
2466,3466,74,矮人森林,1,1000001,1,1000001,iconclass.1.lele,邀请好友,增加自己的好友数量,好友数达到<!1@>/31,,,1/invite_friends_num:>=31;,,exp:875;,"[[21,1]]",[]
2467,3467,75,矮人森林,1,1000001,1,1000001,iconclass.1.lele,解救学生,解救被魔法吞噬的学生,解救学生<!1@>/15次,1/type:4;id:0;num:15;,,,,exp:240;,"[[21,1]]",[]
2468,3468,75,矮人森林,1,1000001,1,1000001,iconclass.1.lele,合成术,使用合成术合成10个花斑石砖,合成合成10个花斑石砖<!1@>/10,1/type:1;id:195002;num:10;,,,,exp:850;,"[[21,1]]",[]
2469,3469,75,矮人森林,1,1000001,1,1000001,iconclass.1.lele,合成术,使用合成术合成10个花斑石砖,合成合成10个花斑石砖<!1@>/10,1/type:1;id:195002;num:10;,,,,exp:850;,"[[21,1]]",[]
2470,3470,75,矮人森林,1,1000001,1,1000001,iconclass.1.lele,邀请好友,增加自己的好友数量,好友数达到<!1@>/32,,,1/invite_friends_num:>=32;,,exp:875;,"[[21,1]]",[]
2471,3471,75,矮人森林,1,1000001,1,1000001,iconclass.1.lele,解救学生,解救被魔法吞噬的学生,解救学生<!1@>/15次,1/type:4;id:0;num:15;,,,,exp:240;,"[[21,1]]",[]
2472,3472,75,矮人森林,1,1000001,1,1000001,iconclass.1.lele,合成术,使用合成术合成10个花斑石砖,合成合成10个花斑石砖<!1@>/10,1/type:1;id:195002;num:10;,,,,exp:850;,"[[21,1]]",[]
2473,3473,75,矮人森林,1,1000001,1,1000001,iconclass.1.lele,合成术,使用合成术合成10个花斑石砖,合成合成10个花斑石砖<!1@>/10,1/type:1;id:195002;num:10;,,,,exp:850;,"[[21,1]]",[]
2474,3474,75,矮人森林,1,1000001,1,1000001,iconclass.1.lele,合成术,使用合成术合成10个花斑石砖,合成合成10个花斑石砖<!1@>/10,1/type:1;id:195002;num:10;,,,,exp:850;,"[[21,1]]",[]
2475,3475,75,矮人森林,1,1000001,1,1000001,iconclass.1.lele,合成术,使用合成术合成10个花斑石砖,合成合成10个花斑石砖<!1@>/10,1/type:1;id:195002;num:10;,,,,exp:850;,"[[21,1]]",[]
2476,3476,75,矮人森林,1,1000001,1,1000001,iconclass.1.lele,邀请好友,增加自己的好友数量,好友数达到<!1@>/33,,,1/invite_friends_num:>=33;,,exp:1100;,"[[21,1]]",[]
2477,3477,75,矮人森林,1,1000001,1,1000001,iconclass.1.lele,解救学生,解救被魔法吞噬的学生,解救学生<!1@>/15次,1/type:4;id:0;num:15;,,,,exp:240;,"[[21,1]]",[]
2478,3478,75,矮人森林,1,1000001,1,1000001,iconclass.1.lele,合成术,使用合成术合成10个花斑石砖,合成合成10个花斑石砖<!1@>/10,1/type:1;id:195002;num:10;,,,,exp:850;,"[[21,1]]",[]
2479,3479,75,矮人森林,1,1000001,1,1000001,iconclass.1.lele,合成术,使用合成术合成10个花斑石砖,合成合成10个花斑石砖<!1@>/10,1/type:1;id:195002;num:10;,,,,exp:850;,"[[21,1]]",[]
2480,3480,75,矮人森林,1,1000001,1,1000001,iconclass.1.lele,邀请好友,增加自己的好友数量,好友数达到<!1@>/34,,,1/invite_friends_num:>=34;,,exp:1100;,"[[21,1]]",[]
2481,3481,75,矮人森林,1,1000001,1,1000001,iconclass.1.lele,解救学生,解救被魔法吞噬的学生,解救学生<!1@>/15次,1/type:4;id:0;num:15;,,,,exp:240;,"[[21,1]]",[]
2482,3482,75,矮人森林,1,1000001,1,1000001,iconclass.1.lele,合成术,使用合成术合成10个花斑石砖,合成合成10个花斑石砖<!1@>/10,1/type:1;id:195002;num:10;,,,,exp:850;,"[[21,1]]",[]
2483,3483,75,矮人森林,1,1000001,1,1000001,iconclass.1.lele,合成术,使用合成术合成10个花斑石砖,合成合成10个花斑石砖<!1@>/10,1/type:1;id:195002;num:10;,,,,exp:850;,"[[21,1]]",[]
2484,3484,75,矮人森林,1,1000001,1,1000001,iconclass.1.lele,合成术,使用合成术合成10个花斑石砖,合成合成10个花斑石砖<!1@>/10,1/type:1;id:195002;num:10;,,,,exp:850;,"[[21,1]]",[]
2485,3485,75,矮人森林,1,1000001,1,1000001,iconclass.1.lele,合成术,使用合成术合成10个花斑石砖,合成合成10个花斑石砖<!1@>/10,1/type:1;id:195002;num:10;,,,,exp:850;,"[[21,1]]",[]
2486,3486,75,矮人森林,1,1000001,1,1000001,iconclass.1.lele,邀请好友,增加自己的好友数量,好友数达到<!1@>/35,,,1/invite_friends_num:>=35;,,exp:1100;,"[[21,1]]",[]
2487,3487,75,矮人森林,1,1000001,1,1000001,iconclass.1.lele,解救学生,解救被魔法吞噬的学生,解救学生<!1@>/15次,1/type:4;id:0;num:15;,,,,exp:240;,"[[21,1]]",[]
2488,3488,75,矮人森林,1,1000001,1,1000001,iconclass.1.lele,合成术,使用合成术合成10个花斑石砖,合成合成10个花斑石砖<!1@>/10,1/type:1;id:195002;num:10;,,,,exp:850;,"[[21,1]]",[]
2489,3489,75,矮人森林,1,1000001,1,1000001,iconclass.1.lele,合成术,使用合成术合成10个花斑石砖,合成合成10个花斑石砖<!1@>/10,1/type:1;id:195002;num:10;,,,,exp:850;,"[[21,1]]",[]
,,,,,,,,,,,,,,,,,,
,,,,,,,,,,,,,,,,,,
,,,,,,,,,,,,,,,,,,
,,,,,,,,,,,,,,,,,,
,,,,,,,,,,,,,,,,,,
,,,,,,,,,,,,,,,,,,
,,,,,,,,,,,,,,,,,,
,,,,,,,,,,,,,,,,,,
,,,,,,,,,,,,,,,,,,
,,,,,,,,,,,,,,,,,,
,,,,,,,,,,,,,,,,,,
,,,,,,,,,,,,,,,,,,
,,,,,,,,,,,,,,,,,,
,,,,,,,,,,,,,,,,,,
,,,,,,,,,,,,,,,,,,
,,,,,,,,,,,,,,,,,,
,,,,,,,,,,,,,,,,,,
,,,,,,,,,,,,,,,,,,
,,,,,,,,,,,,,,,,,,
,,,,,,,,,,,,,,,,,,
,,,,,,,,,,,,,,,,,,
,,,,,,,,,,,,,,,,,,
,,,,,,,,,,,,,,,,,,
