id,等级,奖励用户属性,奖励道具,奖励装饰物,student_id
,,,,,
1,1,coin:5;exp:20;,[],[],1
2,2,coin:5;exp:20;,[],[],1
3,3,coin:5;exp:20;,[],[],1
4,4,coin:5;exp:20;,[],[],1
5,5,coin:5;exp:20;,[],[],1
6,6,coin:5;exp:20;,[],[],1
7,7,coin:5;exp:20;,[],[],1
8,8,coin:5;exp:20;,[],[],1
9,9,coin:5;exp:20;,[],[],1
10,10,coin:5;exp:20;,[],[],1
11,11,coin:5;exp:20;,[],[],1
12,12,coin:5;exp:20;,[],[],1
13,13,coin:5;exp:20;,[],[],1
14,14,coin:5;exp:20;,[],[],1
15,15,coin:5;exp:20;,[],[],1
16,16,coin:5;exp:20;,[],[],1
17,17,coin:5;exp:20;,[],[],1
18,18,coin:5;exp:20;,[],[],1
19,19,coin:5;exp:20;,[],[],1
20,20,coin:5;exp:20;,[],[],1
21,21,coin:5;exp:20;,[],[],1
22,22,coin:5;exp:20;,[],[],1
23,23,coin:5;exp:20;,[],[],1
24,24,coin:5;exp:20;,[],[],1
25,25,coin:5;exp:20;,[],[],1
26,26,coin:5;exp:20;,[],[],1
27,27,coin:5;exp:20;,[],[],1
28,28,coin:5;exp:20;,[],[],1
29,29,coin:5;exp:20;,[],[],1
30,30,coin:5;exp:20;,[],[],1
31,31,coin:5;exp:20;,[],[],1
32,32,coin:5;exp:20;,[],[],1
33,33,coin:5;exp:20;,[],[],1
34,34,coin:5;exp:20;,[],[],1
35,35,coin:5;exp:20;,[],[],1
36,36,coin:5;exp:20;,[],[],1
37,37,coin:5;exp:20;,[],[],1
38,38,coin:5;exp:20;,[],[],1
39,39,coin:5;exp:20;,[],[],1
40,40,coin:5;exp:20;,[],[],1
41,41,coin:5;exp:20;,[],[],1
42,42,coin:5;exp:20;,[],[],1
43,43,coin:5;exp:20;,[],[],1
44,44,coin:5;exp:20;,[],[],1
45,45,coin:5;exp:20;,[],[],1
46,46,coin:5;exp:20;,[],[],1
47,47,coin:5;exp:20;,[],[],1
48,48,coin:5;exp:20;,[],[],1
49,49,coin:5;exp:20;,[],[],1
50,50,coin:5;exp:20;,[],[],1
51,1,coin:5;exp:20;,[],[],2
52,2,coin:5;exp:20;,[],[],2
53,3,coin:5;exp:20;,[],[],2
54,4,coin:5;exp:20;,[],[],2
55,5,coin:5;exp:20;,[],[],2
56,6,coin:5;exp:20;,[],[],2
57,7,coin:5;exp:20;,[],[],2
58,8,coin:5;exp:20;,[],[],2
59,9,coin:5;exp:20;,[],[],2
60,10,coin:5;exp:20;,[],[],2
61,11,coin:5;exp:20;,[],[],2
62,12,coin:5;exp:20;,[],[],2
63,13,coin:5;exp:20;,[],[],2
64,14,coin:5;exp:20;,[],[],2
65,15,coin:5;exp:20;,[],[],2
66,16,coin:5;exp:20;,[],[],2
67,17,coin:5;exp:20;,[],[],2
68,18,coin:5;exp:20;,[],[],2
69,19,coin:5;exp:20;,[],[],2
70,20,coin:5;exp:20;,[],[],2
71,21,coin:5;exp:20;,[],[],2
72,22,coin:5;exp:20;,[],[],2
73,23,coin:5;exp:20;,[],[],2
74,24,coin:5;exp:20;,[],[],2
75,25,coin:5;exp:20;,[],[],2
76,26,coin:5;exp:20;,[],[],2
77,27,coin:5;exp:20;,[],[],2
78,28,coin:5;exp:20;,[],[],2
79,29,coin:5;exp:20;,[],[],2
80,30,coin:5;exp:20;,[],[],2
81,31,coin:5;exp:20;,[],[],2
82,32,coin:5;exp:20;,[],[],2
83,33,coin:5;exp:20;,[],[],2
84,34,coin:5;exp:20;,[],[],2
85,35,coin:5;exp:20;,[],[],2
86,36,coin:5;exp:20;,[],[],2
87,37,coin:5;exp:20;,[],[],2
88,38,coin:5;exp:20;,[],[],2
89,39,coin:5;exp:20;,[],[],2
90,40,coin:5;exp:20;,[],[],2
91,41,coin:5;exp:20;,[],[],2
92,42,coin:5;exp:20;,[],[],2
93,43,coin:5;exp:20;,[],[],2
94,44,coin:5;exp:20;,[],[],2
95,45,coin:5;exp:20;,[],[],2
96,46,coin:5;exp:20;,[],[],2
97,47,coin:5;exp:20;,[],[],2
98,48,coin:5;exp:20;,[],[],2
99,49,coin:5;exp:20;,[],[],2
100,50,coin:5;exp:20;,[],[],2
101,1,coin:5;exp:20;,[],[],3
102,2,coin:5;exp:20;,[],[],3
103,3,coin:5;exp:20;,[],[],3
104,4,coin:5;exp:20;,[],[],3
105,5,coin:5;exp:20;,[],[],3
106,6,coin:5;exp:20;,[],[],3
107,7,coin:5;exp:20;,[],[],3
108,8,coin:5;exp:20;,[],[],3
109,9,coin:5;exp:20;,[],[],3
110,10,coin:5;exp:20;,[],[],3
111,11,coin:5;exp:20;,[],[],3
112,12,coin:5;exp:20;,[],[],3
113,13,coin:5;exp:20;,[],[],3
114,14,coin:5;exp:20;,[],[],3
115,15,coin:5;exp:20;,[],[],3
116,16,coin:5;exp:20;,[],[],3
117,17,coin:5;exp:20;,[],[],3
118,18,coin:5;exp:20;,[],[],3
119,19,coin:5;exp:20;,[],[],3
120,20,coin:5;exp:20;,[],[],3
121,21,coin:5;exp:20;,[],[],3
122,22,coin:5;exp:20;,[],[],3
123,23,coin:5;exp:20;,[],[],3
124,24,coin:5;exp:20;,[],[],3
125,25,coin:5;exp:20;,[],[],3
126,26,coin:5;exp:20;,[],[],3
127,27,coin:5;exp:20;,[],[],3
128,28,coin:5;exp:20;,[],[],3
129,29,coin:5;exp:20;,[],[],3
130,30,coin:5;exp:20;,[],[],3
131,31,coin:5;exp:20;,[],[],3
132,32,coin:5;exp:20;,[],[],3
133,33,coin:5;exp:20;,[],[],3
134,34,coin:5;exp:20;,[],[],3
135,35,coin:5;exp:20;,[],[],3
136,36,coin:5;exp:20;,[],[],3
137,37,coin:5;exp:20;,[],[],3
138,38,coin:5;exp:20;,[],[],3
139,39,coin:5;exp:20;,[],[],3
140,40,coin:5;exp:20;,[],[],3
141,41,coin:5;exp:20;,[],[],3
142,42,coin:5;exp:20;,[],[],3
143,43,coin:5;exp:20;,[],[],3
144,44,coin:5;exp:20;,[],[],3
145,45,coin:5;exp:20;,[],[],3
146,46,coin:5;exp:20;,[],[],3
147,47,coin:5;exp:20;,[],[],3
148,48,coin:5;exp:20;,[],[],3
149,49,coin:5;exp:20;,[],[],3
150,50,coin:5;exp:20;,[],[],3
151,1,coin:5;exp:20;,[],[],4
152,2,coin:5;exp:20;,[],[],4
153,3,coin:5;exp:20;,[],[],4
154,4,coin:5;exp:20;,[],[],4
155,5,coin:5;exp:20;,[],[],4
156,6,coin:5;exp:20;,[],[],4
157,7,coin:5;exp:20;,[],[],4
158,8,coin:5;exp:20;,[],[],4
159,9,coin:5;exp:20;,[],[],4
160,10,coin:5;exp:20;,[],[],4
161,11,coin:5;exp:20;,[],[],4
162,12,coin:5;exp:20;,[],[],4
163,13,coin:5;exp:20;,[],[],4
164,14,coin:5;exp:20;,[],[],4
165,15,coin:5;exp:20;,[],[],4
166,16,coin:5;exp:20;,[],[],4
167,17,coin:5;exp:20;,[],[],4
168,18,coin:5;exp:20;,[],[],4
169,19,coin:5;exp:20;,[],[],4
170,20,coin:5;exp:20;,[],[],4
171,21,coin:5;exp:20;,[],[],4
172,22,coin:5;exp:20;,[],[],4
173,23,coin:5;exp:20;,[],[],4
174,24,coin:5;exp:20;,[],[],4
175,25,coin:5;exp:20;,[],[],4
176,26,coin:5;exp:20;,[],[],4
177,27,coin:5;exp:20;,[],[],4
178,28,coin:5;exp:20;,[],[],4
179,29,coin:5;exp:20;,[],[],4
180,30,coin:5;exp:20;,[],[],4
181,31,coin:5;exp:20;,[],[],4
182,32,coin:5;exp:20;,[],[],4
183,33,coin:5;exp:20;,[],[],4
184,34,coin:5;exp:20;,[],[],4
185,35,coin:5;exp:20;,[],[],4
186,36,coin:5;exp:20;,[],[],4
187,37,coin:5;exp:20;,[],[],4
188,38,coin:5;exp:20;,[],[],4
189,39,coin:5;exp:20;,[],[],4
190,40,coin:5;exp:20;,[],[],4
191,41,coin:5;exp:20;,[],[],4
192,42,coin:5;exp:20;,[],[],4
193,43,coin:5;exp:20;,[],[],4
194,44,coin:5;exp:20;,[],[],4
195,45,coin:5;exp:20;,[],[],4
196,46,coin:5;exp:20;,[],[],4
197,47,coin:5;exp:20;,[],[],4
198,48,coin:5;exp:20;,[],[],4
199,49,coin:5;exp:20;,[],[],4
200,50,coin:5;exp:20;,[],[],4
201,1,coin:5;exp:20;,[],[],5
202,2,coin:5;exp:20;,[],[],5
203,3,coin:5;exp:20;,[],[],5
204,4,coin:5;exp:20;,[],[],5
205,5,coin:5;exp:20;,[],[],5
206,6,coin:5;exp:20;,[],[],5
207,7,coin:5;exp:20;,[],[],5
208,8,coin:5;exp:20;,[],[],5
209,9,coin:5;exp:20;,[],[],5
210,10,coin:5;exp:20;,[],[],5
211,11,coin:5;exp:20;,[],[],5
212,12,coin:5;exp:20;,[],[],5
213,13,coin:5;exp:20;,[],[],5
214,14,coin:5;exp:20;,[],[],5
215,15,coin:5;exp:20;,[],[],5
216,16,coin:5;exp:20;,[],[],5
217,17,coin:5;exp:20;,[],[],5
218,18,coin:5;exp:20;,[],[],5
219,19,coin:5;exp:20;,[],[],5
220,20,coin:5;exp:20;,[],[],5
221,21,coin:5;exp:20;,[],[],5
222,22,coin:5;exp:20;,[],[],5
223,23,coin:5;exp:20;,[],[],5
224,24,coin:5;exp:20;,[],[],5
225,25,coin:5;exp:20;,[],[],5
226,26,coin:5;exp:20;,[],[],5
227,27,coin:5;exp:20;,[],[],5
228,28,coin:5;exp:20;,[],[],5
229,29,coin:5;exp:20;,[],[],5
230,30,coin:5;exp:20;,[],[],5
231,31,coin:5;exp:20;,[],[],5
232,32,coin:5;exp:20;,[],[],5
233,33,coin:5;exp:20;,[],[],5
234,34,coin:5;exp:20;,[],[],5
235,35,coin:5;exp:20;,[],[],5
236,36,coin:5;exp:20;,[],[],5
237,37,coin:5;exp:20;,[],[],5
238,38,coin:5;exp:20;,[],[],5
239,39,coin:5;exp:20;,[],[],5
240,40,coin:5;exp:20;,[],[],5
241,41,coin:5;exp:20;,[],[],5
242,42,coin:5;exp:20;,[],[],5
243,43,coin:5;exp:20;,[],[],5
244,44,coin:5;exp:20;,[],[],5
245,45,coin:5;exp:20;,[],[],5
246,46,coin:5;exp:20;,[],[],5
247,47,coin:5;exp:20;,[],[],5
248,48,coin:5;exp:20;,[],[],5
249,49,coin:5;exp:20;,[],[],5
250,50,coin:5;exp:20;,[],[],5
251,1,coin:5;exp:20;,[],[],6
252,2,coin:5;exp:20;,[],[],6
253,3,coin:5;exp:20;,[],[],6
254,4,coin:5;exp:20;,[],[],6
255,5,coin:5;exp:20;,[],[],6
256,6,coin:5;exp:20;,[],[],6
257,7,coin:5;exp:20;,[],[],6
258,8,coin:5;exp:20;,[],[],6
259,9,coin:5;exp:20;,[],[],6
260,10,coin:5;exp:20;,[],[],6
261,11,coin:5;exp:20;,[],[],6
262,12,coin:5;exp:20;,[],[],6
263,13,coin:5;exp:20;,[],[],6
264,14,coin:5;exp:20;,[],[],6
265,15,coin:5;exp:20;,[],[],6
266,16,coin:5;exp:20;,[],[],6
267,17,coin:5;exp:20;,[],[],6
268,18,coin:5;exp:20;,[],[],6
269,19,coin:5;exp:20;,[],[],6
270,20,coin:5;exp:20;,[],[],6
271,21,coin:5;exp:20;,[],[],6
272,22,coin:5;exp:20;,[],[],6
273,23,coin:5;exp:20;,[],[],6
274,24,coin:5;exp:20;,[],[],6
275,25,coin:5;exp:20;,[],[],6
276,26,coin:5;exp:20;,[],[],6
277,27,coin:5;exp:20;,[],[],6
278,28,coin:5;exp:20;,[],[],6
279,29,coin:5;exp:20;,[],[],6
280,30,coin:5;exp:20;,[],[],6
281,31,coin:5;exp:20;,[],[],6
282,32,coin:5;exp:20;,[],[],6
283,33,coin:5;exp:20;,[],[],6
284,34,coin:5;exp:20;,[],[],6
285,35,coin:5;exp:20;,[],[],6
286,36,coin:5;exp:20;,[],[],6
287,37,coin:5;exp:20;,[],[],6
288,38,coin:5;exp:20;,[],[],6
289,39,coin:5;exp:20;,[],[],6
290,40,coin:5;exp:20;,[],[],6
291,41,coin:5;exp:20;,[],[],6
292,42,coin:5;exp:20;,[],[],6
293,43,coin:5;exp:20;,[],[],6
294,44,coin:5;exp:20;,[],[],6
295,45,coin:5;exp:20;,[],[],6
296,46,coin:5;exp:20;,[],[],6
297,47,coin:5;exp:20;,[],[],6
298,48,coin:5;exp:20;,[],[],6
299,49,coin:5;exp:20;,[],[],6
300,50,coin:5;exp:20;,[],[],6
301,1,coin:5;exp:20;,[],[],7
302,2,coin:5;exp:20;,[],[],7
303,3,coin:5;exp:20;,[],[],7
304,4,coin:5;exp:20;,[],[],7
305,5,coin:5;exp:20;,[],[],7
306,6,coin:5;exp:20;,[],[],7
307,7,coin:5;exp:20;,[],[],7
308,8,coin:5;exp:20;,[],[],7
309,9,coin:5;exp:20;,[],[],7
310,10,coin:5;exp:20;,[],[],7
311,11,coin:5;exp:20;,[],[],7
312,12,coin:5;exp:20;,[],[],7
313,13,coin:5;exp:20;,[],[],7
314,14,coin:5;exp:20;,[],[],7
315,15,coin:5;exp:20;,[],[],7
316,16,coin:5;exp:20;,[],[],7
317,17,coin:5;exp:20;,[],[],7
318,18,coin:5;exp:20;,[],[],7
319,19,coin:5;exp:20;,[],[],7
320,20,coin:5;exp:20;,[],[],7
321,21,coin:5;exp:20;,[],[],7
322,22,coin:5;exp:20;,[],[],7
323,23,coin:5;exp:20;,[],[],7
324,24,coin:5;exp:20;,[],[],7
325,25,coin:5;exp:20;,[],[],7
326,26,coin:5;exp:20;,[],[],7
327,27,coin:5;exp:20;,[],[],7
328,28,coin:5;exp:20;,[],[],7
329,29,coin:5;exp:20;,[],[],7
330,30,coin:5;exp:20;,[],[],7
331,31,coin:5;exp:20;,[],[],7
332,32,coin:5;exp:20;,[],[],7
333,33,coin:5;exp:20;,[],[],7
334,34,coin:5;exp:20;,[],[],7
335,35,coin:5;exp:20;,[],[],7
336,36,coin:5;exp:20;,[],[],7
337,37,coin:5;exp:20;,[],[],7
338,38,coin:5;exp:20;,[],[],7
339,39,coin:5;exp:20;,[],[],7
340,40,coin:5;exp:20;,[],[],7
341,41,coin:5;exp:20;,[],[],7
342,42,coin:5;exp:20;,[],[],7
343,43,coin:5;exp:20;,[],[],7
344,44,coin:5;exp:20;,[],[],7
345,45,coin:5;exp:20;,[],[],7
346,46,coin:5;exp:20;,[],[],7
347,47,coin:5;exp:20;,[],[],7
348,48,coin:5;exp:20;,[],[],7
349,49,coin:5;exp:20;,[],[],7
350,50,coin:5;exp:20;,[],[],7
351,1,coin:5;exp:20;,[],[],8
352,2,coin:5;exp:20;,[],[],8
353,3,coin:5;exp:20;,[],[],8
354,4,coin:5;exp:20;,[],[],8
355,5,coin:5;exp:20;,[],[],8
356,6,coin:5;exp:20;,[],[],8
357,7,coin:5;exp:20;,[],[],8
358,8,coin:5;exp:20;,[],[],8
359,9,coin:5;exp:20;,[],[],8
360,10,coin:5;exp:20;,[],[],8
361,11,coin:5;exp:20;,[],[],8
362,12,coin:5;exp:20;,[],[],8
363,13,coin:5;exp:20;,[],[],8
364,14,coin:5;exp:20;,[],[],8
365,15,coin:5;exp:20;,[],[],8
366,16,coin:5;exp:20;,[],[],8
367,17,coin:5;exp:20;,[],[],8
368,18,coin:5;exp:20;,[],[],8
369,19,coin:5;exp:20;,[],[],8
370,20,coin:5;exp:20;,[],[],8
371,21,coin:5;exp:20;,[],[],8
372,22,coin:5;exp:20;,[],[],8
373,23,coin:5;exp:20;,[],[],8
374,24,coin:5;exp:20;,[],[],8
375,25,coin:5;exp:20;,[],[],8
376,26,coin:5;exp:20;,[],[],8
377,27,coin:5;exp:20;,[],[],8
378,28,coin:5;exp:20;,[],[],8
379,29,coin:5;exp:20;,[],[],8
380,30,coin:5;exp:20;,[],[],8
381,31,coin:5;exp:20;,[],[],8
382,32,coin:5;exp:20;,[],[],8
383,33,coin:5;exp:20;,[],[],8
384,34,coin:5;exp:20;,[],[],8
385,35,coin:5;exp:20;,[],[],8
386,36,coin:5;exp:20;,[],[],8
387,37,coin:5;exp:20;,[],[],8
388,38,coin:5;exp:20;,[],[],8
389,39,coin:5;exp:20;,[],[],8
390,40,coin:5;exp:20;,[],[],8
391,41,coin:5;exp:20;,[],[],8
392,42,coin:5;exp:20;,[],[],8
393,43,coin:5;exp:20;,[],[],8
394,44,coin:5;exp:20;,[],[],8
395,45,coin:5;exp:20;,[],[],8
396,46,coin:5;exp:20;,[],[],8
397,47,coin:5;exp:20;,[],[],8
398,48,coin:5;exp:20;,[],[],8
399,49,coin:5;exp:20;,[],[],8
400,50,coin:5;exp:20;,[],[],8
401,1,coin:5;exp:20;,[],[],9
402,2,coin:5;exp:20;,[],[],9
403,3,coin:5;exp:20;,[],[],9
404,4,coin:5;exp:20;,[],[],9
405,5,coin:5;exp:20;,[],[],9
406,6,coin:5;exp:20;,[],[],9
407,7,coin:5;exp:20;,[],[],9
408,8,coin:5;exp:20;,[],[],9
409,9,coin:5;exp:20;,[],[],9
410,10,coin:5;exp:20;,[],[],9
411,11,coin:5;exp:20;,[],[],9
412,12,coin:5;exp:20;,[],[],9
413,13,coin:5;exp:20;,[],[],9
414,14,coin:5;exp:20;,[],[],9
415,15,coin:5;exp:20;,[],[],9
416,16,coin:5;exp:20;,[],[],9
417,17,coin:5;exp:20;,[],[],9
418,18,coin:5;exp:20;,[],[],9
419,19,coin:5;exp:20;,[],[],9
420,20,coin:5;exp:20;,[],[],9
421,21,coin:5;exp:20;,[],[],9
422,22,coin:5;exp:20;,[],[],9
423,23,coin:5;exp:20;,[],[],9
424,24,coin:5;exp:20;,[],[],9
425,25,coin:5;exp:20;,[],[],9
426,26,coin:5;exp:20;,[],[],9
427,27,coin:5;exp:20;,[],[],9
428,28,coin:5;exp:20;,[],[],9
429,29,coin:5;exp:20;,[],[],9
430,30,coin:5;exp:20;,[],[],9
431,31,coin:5;exp:20;,[],[],9
432,32,coin:5;exp:20;,[],[],9
433,33,coin:5;exp:20;,[],[],9
434,34,coin:5;exp:20;,[],[],9
435,35,coin:5;exp:20;,[],[],9
436,36,coin:5;exp:20;,[],[],9
437,37,coin:5;exp:20;,[],[],9
438,38,coin:5;exp:20;,[],[],9
439,39,coin:5;exp:20;,[],[],9
440,40,coin:5;exp:20;,[],[],9
441,41,coin:5;exp:20;,[],[],9
442,42,coin:5;exp:20;,[],[],9
443,43,coin:5;exp:20;,[],[],9
444,44,coin:5;exp:20;,[],[],9
445,45,coin:5;exp:20;,[],[],9
446,46,coin:5;exp:20;,[],[],9
447,47,coin:5;exp:20;,[],[],9
448,48,coin:5;exp:20;,[],[],9
449,49,coin:5;exp:20;,[],[],9
450,50,coin:5;exp:20;,[],[],9
451,1,coin:5;exp:20;,[],[],10
452,2,coin:5;exp:20;,[],[],10
453,3,coin:5;exp:20;,[],[],10
454,4,coin:5;exp:20;,[],[],10
455,5,coin:5;exp:20;,[],[],10
456,6,coin:5;exp:20;,[],[],10
457,7,coin:5;exp:20;,[],[],10
458,8,coin:5;exp:20;,[],[],10
459,9,coin:5;exp:20;,[],[],10
460,10,coin:5;exp:20;,[],[],10
461,11,coin:5;exp:20;,[],[],10
462,12,coin:5;exp:20;,[],[],10
463,13,coin:5;exp:20;,[],[],10
464,14,coin:5;exp:20;,[],[],10
465,15,coin:5;exp:20;,[],[],10
466,16,coin:5;exp:20;,[],[],10
467,17,coin:5;exp:20;,[],[],10
468,18,coin:5;exp:20;,[],[],10
469,19,coin:5;exp:20;,[],[],10
470,20,coin:5;exp:20;,[],[],10
471,21,coin:5;exp:20;,[],[],10
472,22,coin:5;exp:20;,[],[],10
473,23,coin:5;exp:20;,[],[],10
474,24,coin:5;exp:20;,[],[],10
475,25,coin:5;exp:20;,[],[],10
476,26,coin:5;exp:20;,[],[],10
477,27,coin:5;exp:20;,[],[],10
478,28,coin:5;exp:20;,[],[],10
479,29,coin:5;exp:20;,[],[],10
480,30,coin:5;exp:20;,[],[],10
481,31,coin:5;exp:20;,[],[],10
482,32,coin:5;exp:20;,[],[],10
483,33,coin:5;exp:20;,[],[],10
484,34,coin:5;exp:20;,[],[],10
485,35,coin:5;exp:20;,[],[],10
486,36,coin:5;exp:20;,[],[],10
487,37,coin:5;exp:20;,[],[],10
488,38,coin:5;exp:20;,[],[],10
489,39,coin:5;exp:20;,[],[],10
490,40,coin:5;exp:20;,[],[],10
491,41,coin:5;exp:20;,[],[],10
492,42,coin:5;exp:20;,[],[],10
493,43,coin:5;exp:20;,[],[],10
494,44,coin:5;exp:20;,[],[],10
495,45,coin:5;exp:20;,[],[],10
496,46,coin:5;exp:20;,[],[],10
497,47,coin:5;exp:20;,[],[],10
498,48,coin:5;exp:20;,[],[],10
499,49,coin:5;exp:20;,[],[],10
500,50,coin:5;exp:20;,[],[],10
501,1,coin:5;exp:20;,[],[],11
502,2,coin:5;exp:20;,[],[],11
503,3,coin:5;exp:20;,[],[],11
504,4,coin:5;exp:20;,[],[],11
505,5,coin:5;exp:20;,[],[],11
506,6,coin:5;exp:20;,[],[],11
507,7,coin:5;exp:20;,[],[],11
508,8,coin:5;exp:20;,[],[],11
509,9,coin:5;exp:20;,[],[],11
510,10,coin:5;exp:20;,[],[],11
511,11,coin:5;exp:20;,[],[],11
512,12,coin:5;exp:20;,[],[],11
513,13,coin:5;exp:20;,[],[],11
514,14,coin:5;exp:20;,[],[],11
515,15,coin:5;exp:20;,[],[],11
516,16,coin:5;exp:20;,[],[],11
517,17,coin:5;exp:20;,[],[],11
518,18,coin:5;exp:20;,[],[],11
519,19,coin:5;exp:20;,[],[],11
520,20,coin:5;exp:20;,[],[],11
521,21,coin:5;exp:20;,[],[],11
522,22,coin:5;exp:20;,[],[],11
523,23,coin:5;exp:20;,[],[],11
524,24,coin:5;exp:20;,[],[],11
525,25,coin:5;exp:20;,[],[],11
526,26,coin:5;exp:20;,[],[],11
527,27,coin:5;exp:20;,[],[],11
528,28,coin:5;exp:20;,[],[],11
529,29,coin:5;exp:20;,[],[],11
530,30,coin:5;exp:20;,[],[],11
531,31,coin:5;exp:20;,[],[],11
532,32,coin:5;exp:20;,[],[],11
533,33,coin:5;exp:20;,[],[],11
534,34,coin:5;exp:20;,[],[],11
535,35,coin:5;exp:20;,[],[],11
536,36,coin:5;exp:20;,[],[],11
537,37,coin:5;exp:20;,[],[],11
538,38,coin:5;exp:20;,[],[],11
539,39,coin:5;exp:20;,[],[],11
540,40,coin:5;exp:20;,[],[],11
541,41,coin:5;exp:20;,[],[],11
542,42,coin:5;exp:20;,[],[],11
543,43,coin:5;exp:20;,[],[],11
544,44,coin:5;exp:20;,[],[],11
545,45,coin:5;exp:20;,[],[],11
546,46,coin:5;exp:20;,[],[],11
547,47,coin:5;exp:20;,[],[],11
548,48,coin:5;exp:20;,[],[],11
549,49,coin:5;exp:20;,[],[],11
550,50,coin:5;exp:20;,[],[],11
551,1,coin:5;exp:20;,[],[],12
552,2,coin:5;exp:20;,[],[],12
553,3,coin:5;exp:20;,[],[],12
554,4,coin:5;exp:20;,[],[],12
555,5,coin:5;exp:20;,[],[],12
556,6,coin:5;exp:20;,[],[],12
557,7,coin:5;exp:20;,[],[],12
558,8,coin:5;exp:20;,[],[],12
559,9,coin:5;exp:20;,[],[],12
560,10,coin:5;exp:20;,[],[],12
561,11,coin:5;exp:20;,[],[],12
562,12,coin:5;exp:20;,[],[],12
563,13,coin:5;exp:20;,[],[],12
564,14,coin:5;exp:20;,[],[],12
565,15,coin:5;exp:20;,[],[],12
566,16,coin:5;exp:20;,[],[],12
567,17,coin:5;exp:20;,[],[],12
568,18,coin:5;exp:20;,[],[],12
569,19,coin:5;exp:20;,[],[],12
570,20,coin:5;exp:20;,[],[],12
571,21,coin:5;exp:20;,[],[],12
572,22,coin:5;exp:20;,[],[],12
573,23,coin:5;exp:20;,[],[],12
574,24,coin:5;exp:20;,[],[],12
575,25,coin:5;exp:20;,[],[],12
576,26,coin:5;exp:20;,[],[],12
577,27,coin:5;exp:20;,[],[],12
578,28,coin:5;exp:20;,[],[],12
579,29,coin:5;exp:20;,[],[],12
580,30,coin:5;exp:20;,[],[],12
581,31,coin:5;exp:20;,[],[],12
582,32,coin:5;exp:20;,[],[],12
583,33,coin:5;exp:20;,[],[],12
584,34,coin:5;exp:20;,[],[],12
585,35,coin:5;exp:20;,[],[],12
586,36,coin:5;exp:20;,[],[],12
587,37,coin:5;exp:20;,[],[],12
588,38,coin:5;exp:20;,[],[],12
589,39,coin:5;exp:20;,[],[],12
590,40,coin:5;exp:20;,[],[],12
591,41,coin:5;exp:20;,[],[],12
592,42,coin:5;exp:20;,[],[],12
593,43,coin:5;exp:20;,[],[],12
594,44,coin:5;exp:20;,[],[],12
595,45,coin:5;exp:20;,[],[],12
596,46,coin:5;exp:20;,[],[],12
597,47,coin:5;exp:20;,[],[],12
598,48,coin:5;exp:20;,[],[],12
599,49,coin:5;exp:20;,[],[],12
600,50,coin:5;exp:20;,[],[],12
601,1,coin:5;exp:20;,[],[],13
602,2,coin:5;exp:20;,[],[],13
603,3,coin:5;exp:20;,[],[],13
604,4,coin:5;exp:20;,[],[],13
605,5,coin:5;exp:20;,[],[],13
606,6,coin:5;exp:20;,[],[],13
607,7,coin:5;exp:20;,[],[],13
608,8,coin:5;exp:20;,[],[],13
609,9,coin:5;exp:20;,[],[],13
610,10,coin:5;exp:20;,[],[],13
611,11,coin:5;exp:20;,[],[],13
612,12,coin:5;exp:20;,[],[],13
613,13,coin:5;exp:20;,[],[],13
614,14,coin:5;exp:20;,[],[],13
615,15,coin:5;exp:20;,[],[],13
616,16,coin:5;exp:20;,[],[],13
617,17,coin:5;exp:20;,[],[],13
618,18,coin:5;exp:20;,[],[],13
619,19,coin:5;exp:20;,[],[],13
620,20,coin:5;exp:20;,[],[],13
621,21,coin:5;exp:20;,[],[],13
622,22,coin:5;exp:20;,[],[],13
623,23,coin:5;exp:20;,[],[],13
624,24,coin:5;exp:20;,[],[],13
625,25,coin:5;exp:20;,[],[],13
626,26,coin:5;exp:20;,[],[],13
627,27,coin:5;exp:20;,[],[],13
628,28,coin:5;exp:20;,[],[],13
629,29,coin:5;exp:20;,[],[],13
630,30,coin:5;exp:20;,[],[],13
631,31,coin:5;exp:20;,[],[],13
632,32,coin:5;exp:20;,[],[],13
633,33,coin:5;exp:20;,[],[],13
634,34,coin:5;exp:20;,[],[],13
635,35,coin:5;exp:20;,[],[],13
636,36,coin:5;exp:20;,[],[],13
637,37,coin:5;exp:20;,[],[],13
638,38,coin:5;exp:20;,[],[],13
639,39,coin:5;exp:20;,[],[],13
640,40,coin:5;exp:20;,[],[],13
641,41,coin:5;exp:20;,[],[],13
642,42,coin:5;exp:20;,[],[],13
643,43,coin:5;exp:20;,[],[],13
644,44,coin:5;exp:20;,[],[],13
645,45,coin:5;exp:20;,[],[],13
646,46,coin:5;exp:20;,[],[],13
647,47,coin:5;exp:20;,[],[],13
648,48,coin:5;exp:20;,[],[],13
649,49,coin:5;exp:20;,[],[],13
650,50,coin:5;exp:20;,[],[],13
651,1,coin:5;exp:20;,[],[],14
652,2,coin:5;exp:20;,[],[],14
653,3,coin:5;exp:20;,[],[],14
654,4,coin:5;exp:20;,[],[],14
655,5,coin:5;exp:20;,[],[],14
656,6,coin:5;exp:20;,[],[],14
657,7,coin:5;exp:20;,[],[],14
658,8,coin:5;exp:20;,[],[],14
659,9,coin:5;exp:20;,[],[],14
660,10,coin:5;exp:20;,[],[],14
661,11,coin:5;exp:20;,[],[],14
662,12,coin:5;exp:20;,[],[],14
663,13,coin:5;exp:20;,[],[],14
664,14,coin:5;exp:20;,[],[],14
665,15,coin:5;exp:20;,[],[],14
666,16,coin:5;exp:20;,[],[],14
667,17,coin:5;exp:20;,[],[],14
668,18,coin:5;exp:20;,[],[],14
669,19,coin:5;exp:20;,[],[],14
670,20,coin:5;exp:20;,[],[],14
671,21,coin:5;exp:20;,[],[],14
672,22,coin:5;exp:20;,[],[],14
673,23,coin:5;exp:20;,[],[],14
674,24,coin:5;exp:20;,[],[],14
675,25,coin:5;exp:20;,[],[],14
676,26,coin:5;exp:20;,[],[],14
677,27,coin:5;exp:20;,[],[],14
678,28,coin:5;exp:20;,[],[],14
679,29,coin:5;exp:20;,[],[],14
680,30,coin:5;exp:20;,[],[],14
681,31,coin:5;exp:20;,[],[],14
682,32,coin:5;exp:20;,[],[],14
683,33,coin:5;exp:20;,[],[],14
684,34,coin:5;exp:20;,[],[],14
685,35,coin:5;exp:20;,[],[],14
686,36,coin:5;exp:20;,[],[],14
687,37,coin:5;exp:20;,[],[],14
688,38,coin:5;exp:20;,[],[],14
689,39,coin:5;exp:20;,[],[],14
690,40,coin:5;exp:20;,[],[],14
691,41,coin:5;exp:20;,[],[],14
692,42,coin:5;exp:20;,[],[],14
693,43,coin:5;exp:20;,[],[],14
694,44,coin:5;exp:20;,[],[],14
695,45,coin:5;exp:20;,[],[],14
696,46,coin:5;exp:20;,[],[],14
697,47,coin:5;exp:20;,[],[],14
698,48,coin:5;exp:20;,[],[],14
699,49,coin:5;exp:20;,[],[],14
700,50,coin:5;exp:20;,[],[],14
701,1,coin:5;exp:20;,[],[],15
702,2,coin:5;exp:20;,[],[],15
703,3,coin:5;exp:20;,[],[],15
704,4,coin:5;exp:20;,[],[],15
705,5,coin:5;exp:20;,[],[],15
706,6,coin:5;exp:20;,[],[],15
707,7,coin:5;exp:20;,[],[],15
708,8,coin:5;exp:20;,[],[],15
709,9,coin:5;exp:20;,[],[],15
710,10,coin:5;exp:20;,[],[],15
711,11,coin:5;exp:20;,[],[],15
712,12,coin:5;exp:20;,[],[],15
713,13,coin:5;exp:20;,[],[],15
714,14,coin:5;exp:20;,[],[],15
715,15,coin:5;exp:20;,[],[],15
716,16,coin:5;exp:20;,[],[],15
717,17,coin:5;exp:20;,[],[],15
718,18,coin:5;exp:20;,[],[],15
719,19,coin:5;exp:20;,[],[],15
720,20,coin:5;exp:20;,[],[],15
721,21,coin:5;exp:20;,[],[],15
722,22,coin:5;exp:20;,[],[],15
723,23,coin:5;exp:20;,[],[],15
724,24,coin:5;exp:20;,[],[],15
725,25,coin:5;exp:20;,[],[],15
726,26,coin:5;exp:20;,[],[],15
727,27,coin:5;exp:20;,[],[],15
728,28,coin:5;exp:20;,[],[],15
729,29,coin:5;exp:20;,[],[],15
730,30,coin:5;exp:20;,[],[],15
731,31,coin:5;exp:20;,[],[],15
732,32,coin:5;exp:20;,[],[],15
733,33,coin:5;exp:20;,[],[],15
734,34,coin:5;exp:20;,[],[],15
735,35,coin:5;exp:20;,[],[],15
736,36,coin:5;exp:20;,[],[],15
737,37,coin:5;exp:20;,[],[],15
738,38,coin:5;exp:20;,[],[],15
739,39,coin:5;exp:20;,[],[],15
740,40,coin:5;exp:20;,[],[],15
741,41,coin:5;exp:20;,[],[],15
742,42,coin:5;exp:20;,[],[],15
743,43,coin:5;exp:20;,[],[],15
744,44,coin:5;exp:20;,[],[],15
745,45,coin:5;exp:20;,[],[],15
746,46,coin:5;exp:20;,[],[],15
747,47,coin:5;exp:20;,[],[],15
748,48,coin:5;exp:20;,[],[],15
749,49,coin:5;exp:20;,[],[],15
750,50,coin:5;exp:20;,[],[],15
751,1,coin:5;exp:20;,[],[],16
752,2,coin:5;exp:20;,[],[],16
753,3,coin:5;exp:20;,[],[],16
754,4,coin:5;exp:20;,[],[],16
755,5,coin:5;exp:20;,[],[],16
756,6,coin:5;exp:20;,[],[],16
757,7,coin:5;exp:20;,[],[],16
758,8,coin:5;exp:20;,[],[],16
759,9,coin:5;exp:20;,[],[],16
760,10,coin:5;exp:20;,[],[],16
761,11,coin:5;exp:20;,[],[],16
762,12,coin:5;exp:20;,[],[],16
763,13,coin:5;exp:20;,[],[],16
764,14,coin:5;exp:20;,[],[],16
765,15,coin:5;exp:20;,[],[],16
766,16,coin:5;exp:20;,[],[],16
767,17,coin:5;exp:20;,[],[],16
768,18,coin:5;exp:20;,[],[],16
769,19,coin:5;exp:20;,[],[],16
770,20,coin:5;exp:20;,[],[],16
771,21,coin:5;exp:20;,[],[],16
772,22,coin:5;exp:20;,[],[],16
773,23,coin:5;exp:20;,[],[],16
774,24,coin:5;exp:20;,[],[],16
775,25,coin:5;exp:20;,[],[],16
776,26,coin:5;exp:20;,[],[],16
777,27,coin:5;exp:20;,[],[],16
778,28,coin:5;exp:20;,[],[],16
779,29,coin:5;exp:20;,[],[],16
780,30,coin:5;exp:20;,[],[],16
781,31,coin:5;exp:20;,[],[],16
782,32,coin:5;exp:20;,[],[],16
783,33,coin:5;exp:20;,[],[],16
784,34,coin:5;exp:20;,[],[],16
785,35,coin:5;exp:20;,[],[],16
786,36,coin:5;exp:20;,[],[],16
787,37,coin:5;exp:20;,[],[],16
788,38,coin:5;exp:20;,[],[],16
789,39,coin:5;exp:20;,[],[],16
790,40,coin:5;exp:20;,[],[],16
791,41,coin:5;exp:20;,[],[],16
792,42,coin:5;exp:20;,[],[],16
793,43,coin:5;exp:20;,[],[],16
794,44,coin:5;exp:20;,[],[],16
795,45,coin:5;exp:20;,[],[],16
796,46,coin:5;exp:20;,[],[],16
797,47,coin:5;exp:20;,[],[],16
798,48,coin:5;exp:20;,[],[],16
799,49,coin:5;exp:20;,[],[],16
800,50,coin:5;exp:20;,[],[],16
801,1,coin:5;exp:20;,[],[],17
802,2,coin:5;exp:20;,[],[],17
803,3,coin:5;exp:20;,[],[],17
804,4,coin:5;exp:20;,[],[],17
805,5,coin:5;exp:20;,[],[],17
806,6,coin:5;exp:20;,[],[],17
807,7,coin:5;exp:20;,[],[],17
808,8,coin:5;exp:20;,[],[],17
809,9,coin:5;exp:20;,[],[],17
810,10,coin:5;exp:20;,[],[],17
811,11,coin:5;exp:20;,[],[],17
812,12,coin:5;exp:20;,[],[],17
813,13,coin:5;exp:20;,[],[],17
814,14,coin:5;exp:20;,[],[],17
815,15,coin:5;exp:20;,[],[],17
816,16,coin:5;exp:20;,[],[],17
817,17,coin:5;exp:20;,[],[],17
818,18,coin:5;exp:20;,[],[],17
819,19,coin:5;exp:20;,[],[],17
820,20,coin:5;exp:20;,[],[],17
821,21,coin:5;exp:20;,[],[],17
822,22,coin:5;exp:20;,[],[],17
823,23,coin:5;exp:20;,[],[],17
824,24,coin:5;exp:20;,[],[],17
825,25,coin:5;exp:20;,[],[],17
826,26,coin:5;exp:20;,[],[],17
827,27,coin:5;exp:20;,[],[],17
828,28,coin:5;exp:20;,[],[],17
829,29,coin:5;exp:20;,[],[],17
830,30,coin:5;exp:20;,[],[],17
831,31,coin:5;exp:20;,[],[],17
832,32,coin:5;exp:20;,[],[],17
833,33,coin:5;exp:20;,[],[],17
834,34,coin:5;exp:20;,[],[],17
835,35,coin:5;exp:20;,[],[],17
836,36,coin:5;exp:20;,[],[],17
837,37,coin:5;exp:20;,[],[],17
838,38,coin:5;exp:20;,[],[],17
839,39,coin:5;exp:20;,[],[],17
840,40,coin:5;exp:20;,[],[],17
841,41,coin:5;exp:20;,[],[],17
842,42,coin:5;exp:20;,[],[],17
843,43,coin:5;exp:20;,[],[],17
844,44,coin:5;exp:20;,[],[],17
845,45,coin:5;exp:20;,[],[],17
846,46,coin:5;exp:20;,[],[],17
847,47,coin:5;exp:20;,[],[],17
848,48,coin:5;exp:20;,[],[],17
849,49,coin:5;exp:20;,[],[],17
850,50,coin:5;exp:20;,[],[],17
851,1,coin:5;exp:20;,[],[],18
852,2,coin:5;exp:20;,[],[],18
853,3,coin:5;exp:20;,[],[],18
854,4,coin:5;exp:20;,[],[],18
855,5,coin:5;exp:20;,[],[],18
856,6,coin:5;exp:20;,[],[],18
857,7,coin:5;exp:20;,[],[],18
858,8,coin:5;exp:20;,[],[],18
859,9,coin:5;exp:20;,[],[],18
860,10,coin:5;exp:20;,[],[],18
861,11,coin:5;exp:20;,[],[],18
862,12,coin:5;exp:20;,[],[],18
863,13,coin:5;exp:20;,[],[],18
864,14,coin:5;exp:20;,[],[],18
865,15,coin:5;exp:20;,[],[],18
866,16,coin:5;exp:20;,[],[],18
867,17,coin:5;exp:20;,[],[],18
868,18,coin:5;exp:20;,[],[],18
869,19,coin:5;exp:20;,[],[],18
870,20,coin:5;exp:20;,[],[],18
871,21,coin:5;exp:20;,[],[],18
872,22,coin:5;exp:20;,[],[],18
873,23,coin:5;exp:20;,[],[],18
874,24,coin:5;exp:20;,[],[],18
875,25,coin:5;exp:20;,[],[],18
876,26,coin:5;exp:20;,[],[],18
877,27,coin:5;exp:20;,[],[],18
878,28,coin:5;exp:20;,[],[],18
879,29,coin:5;exp:20;,[],[],18
880,30,coin:5;exp:20;,[],[],18
881,31,coin:5;exp:20;,[],[],18
882,32,coin:5;exp:20;,[],[],18
883,33,coin:5;exp:20;,[],[],18
884,34,coin:5;exp:20;,[],[],18
885,35,coin:5;exp:20;,[],[],18
886,36,coin:5;exp:20;,[],[],18
887,37,coin:5;exp:20;,[],[],18
888,38,coin:5;exp:20;,[],[],18
889,39,coin:5;exp:20;,[],[],18
890,40,coin:5;exp:20;,[],[],18
891,41,coin:5;exp:20;,[],[],18
892,42,coin:5;exp:20;,[],[],18
893,43,coin:5;exp:20;,[],[],18
894,44,coin:5;exp:20;,[],[],18
895,45,coin:5;exp:20;,[],[],18
896,46,coin:5;exp:20;,[],[],18
897,47,coin:5;exp:20;,[],[],18
898,48,coin:5;exp:20;,[],[],18
899,49,coin:5;exp:20;,[],[],18
900,50,coin:5;exp:20;,[],[],18
901,1,coin:5;exp:20;,[],[],19
902,2,coin:5;exp:20;,[],[],19
903,3,coin:5;exp:20;,[],[],19
904,4,coin:5;exp:20;,[],[],19
905,5,coin:5;exp:20;,[],[],19
906,6,coin:5;exp:20;,[],[],19
907,7,coin:5;exp:20;,[],[],19
908,8,coin:5;exp:20;,[],[],19
909,9,coin:5;exp:20;,[],[],19
910,10,coin:5;exp:20;,[],[],19
911,11,coin:5;exp:20;,[],[],19
912,12,coin:5;exp:20;,[],[],19
913,13,coin:5;exp:20;,[],[],19
914,14,coin:5;exp:20;,[],[],19
915,15,coin:5;exp:20;,[],[],19
916,16,coin:5;exp:20;,[],[],19
917,17,coin:5;exp:20;,[],[],19
918,18,coin:5;exp:20;,[],[],19
919,19,coin:5;exp:20;,[],[],19
920,20,coin:5;exp:20;,[],[],19
921,21,coin:5;exp:20;,[],[],19
922,22,coin:5;exp:20;,[],[],19
923,23,coin:5;exp:20;,[],[],19
924,24,coin:5;exp:20;,[],[],19
925,25,coin:5;exp:20;,[],[],19
926,26,coin:5;exp:20;,[],[],19
927,27,coin:5;exp:20;,[],[],19
928,28,coin:5;exp:20;,[],[],19
929,29,coin:5;exp:20;,[],[],19
930,30,coin:5;exp:20;,[],[],19
931,31,coin:5;exp:20;,[],[],19
932,32,coin:5;exp:20;,[],[],19
933,33,coin:5;exp:20;,[],[],19
934,34,coin:5;exp:20;,[],[],19
935,35,coin:5;exp:20;,[],[],19
936,36,coin:5;exp:20;,[],[],19
937,37,coin:5;exp:20;,[],[],19
938,38,coin:5;exp:20;,[],[],19
939,39,coin:5;exp:20;,[],[],19
940,40,coin:5;exp:20;,[],[],19
941,41,coin:5;exp:20;,[],[],19
942,42,coin:5;exp:20;,[],[],19
943,43,coin:5;exp:20;,[],[],19
944,44,coin:5;exp:20;,[],[],19
945,45,coin:5;exp:20;,[],[],19
946,46,coin:5;exp:20;,[],[],19
947,47,coin:5;exp:20;,[],[],19
948,48,coin:5;exp:20;,[],[],19
949,49,coin:5;exp:20;,[],[],19
950,50,coin:5;exp:20;,[],[],19
951,1,coin:5;exp:20;,[],[],20
952,2,coin:5;exp:20;,[],[],20
953,3,coin:5;exp:20;,[],[],20
954,4,coin:5;exp:20;,[],[],20
955,5,coin:5;exp:20;,[],[],20
956,6,coin:5;exp:20;,[],[],20
957,7,coin:5;exp:20;,[],[],20
958,8,coin:5;exp:20;,[],[],20
959,9,coin:5;exp:20;,[],[],20
960,10,coin:5;exp:20;,[],[],20
961,11,coin:5;exp:20;,[],[],20
962,12,coin:5;exp:20;,[],[],20
963,13,coin:5;exp:20;,[],[],20
964,14,coin:5;exp:20;,[],[],20
965,15,coin:5;exp:20;,[],[],20
966,16,coin:5;exp:20;,[],[],20
967,17,coin:5;exp:20;,[],[],20
968,18,coin:5;exp:20;,[],[],20
969,19,coin:5;exp:20;,[],[],20
970,20,coin:5;exp:20;,[],[],20
971,21,coin:5;exp:20;,[],[],20
972,22,coin:5;exp:20;,[],[],20
973,23,coin:5;exp:20;,[],[],20
974,24,coin:5;exp:20;,[],[],20
975,25,coin:5;exp:20;,[],[],20
976,26,coin:5;exp:20;,[],[],20
977,27,coin:5;exp:20;,[],[],20
978,28,coin:5;exp:20;,[],[],20
979,29,coin:5;exp:20;,[],[],20
980,30,coin:5;exp:20;,[],[],20
981,31,coin:5;exp:20;,[],[],20
982,32,coin:5;exp:20;,[],[],20
983,33,coin:5;exp:20;,[],[],20
984,34,coin:5;exp:20;,[],[],20
985,35,coin:5;exp:20;,[],[],20
986,36,coin:5;exp:20;,[],[],20
987,37,coin:5;exp:20;,[],[],20
988,38,coin:5;exp:20;,[],[],20
989,39,coin:5;exp:20;,[],[],20
990,40,coin:5;exp:20;,[],[],20
991,41,coin:5;exp:20;,[],[],20
992,42,coin:5;exp:20;,[],[],20
993,43,coin:5;exp:20;,[],[],20
994,44,coin:5;exp:20;,[],[],20
995,45,coin:5;exp:20;,[],[],20
996,46,coin:5;exp:20;,[],[],20
997,47,coin:5;exp:20;,[],[],20
998,48,coin:5;exp:20;,[],[],20
999,49,coin:5;exp:20;,[],[],20
1000,50,coin:5;exp:20;,[],[],20
